Key	Korean	English
WpfDatasetSelection.Title	데이터셋 선택	Dataset selection
WpfDatasetSelection.SourceRule.Title	작업 기준은 저장 폴더입니다	Work is based on the saved-data folder
WpfDatasetSelection.SourceRule.Detail	이미지 폴더는 원본 이미지 목록만 가져옵니다. 라벨, Recipe, 학습 결과는 저장 폴더에 있으므로 새 작업은 새 저장 폴더로 분리하세요.	Image folders provide only the source image list. Labels, Recipe, and training results live in the saved-data folder, so separate new work with a new saved-data folder.
WpfDatasetSelection.Guide.Existing.Title	기존 데이터셋 열기	Open an existing dataset
WpfDatasetSelection.Guide.Existing.Detail	목록에서 선택하면 해당 저장 폴더의 라벨과 학습 기록을 그대로 불러옵니다.	Select an entry to load its labels and training history from the saved-data folder.
WpfDatasetSelection.Guide.Create.Title	새 저장 폴더로 만들기	Create in a new saved-data folder
WpfDatasetSelection.Guide.Create.Detail	같은 원본 이미지 폴더를 써도 새 저장 폴더면 기존 라벨을 불러오지 않습니다.	Even with the same source image folder, a new saved-data folder does not load existing labels.
WpfDatasetSelection.Empty.Title	아직 열 데이터셋이 없습니다	No dataset is open yet
WpfDatasetSelection.Empty.Detail	새 데이터셋은 새 저장 폴더를 기준으로 라벨을 분리합니다.	A new dataset separates labels using a new saved-data folder.
WpfDatasetSelection.Action.Create	새 데이터셋 만들기	Create new dataset
WpfDatasetSelection.Action.Create.Short	만들기	Create
WpfDatasetSelection.Action.Refresh	새로고침	Refresh
WpfDatasetSelection.Action.Cancel	취소	Cancel
WpfDatasetSelection.Action.Open	선택 열기	Open selected
WpfDatasetSelection.Status.Count	선택 가능한 데이터셋 {0}개	{0} dataset(s) available
WpfDatasetSelection.Status.Empty	열 수 있는 데이터셋이 없습니다. 새 데이터셋을 만들어주세요.	No dataset can be opened. Create a new dataset.
WpfDatasetSelection.Item.Tooltip	저장: {0} · 이미지: {1}	Saved data: {0} · Source images: {1}
WpfDatasetSelection.Item.StoragePath	라벨/Recipe 저장: {0}	Labels/Recipe storage: {0}
WpfDatasetSelection.Item.ImageRootPath	원본 이미지 폴더: {0}	Source image folder: {0}
WpfDatasetSelection.Item.Classes	클래스: {0}	Classes: {0}
WpfDatasetSelection.Item.StorageUnknown	저장 경로 미확인	Saved-data path unavailable
WpfDatasetSelection.Item.ImageRootUnknown	이미지 폴더 미확인	Source image folder unavailable
WpfDatasetSelection.Item.ClassesUnknown	클래스 미정	Classes not specified
WpfDatasetSelection.Item.OpenAction.Current	현재 열려 있음	Currently open
WpfDatasetSelection.Item.OpenAction.Open	선택 후 열기	Open after selection
WpfDatasetSelection.Item.Status.Current	현재 작업 중	Active dataset
WpfDatasetSelection.Item.Status.Ready	열기 가능	Ready to open
WpfDatasetSelection.Item.Status.Configured	설정만 있음	Configuration only
WpfDatasetSelection.Item.Count	이미지 {0}개 / 라벨 {1}개	Images {0} / labels {1}
WpfDatasetSetup.Title	새 Recipe 설정	New Recipe setup
WpfDatasetSetup.Summary	목적, 저장 위치, 원본 이미지, 클래스, 최초 검사 모델을 한 화면에서 확인한 뒤 새 Recipe를 생성합니다.	Review the purpose, storage location, source images, classes, and initial inspection model in one place before creating a new Recipe.
WpfDatasetSetup.SourceRule.Title	저장 폴더와 이미지 폴더는 역할이 다릅니다	Saved-data and image folders have different roles
WpfDatasetSetup.SourceRule.Detail	저장 폴더는 라벨, Recipe, 학습 결과를 보관하는 데이터셋 기준입니다. 이미지 폴더는 원본 이미지를 보는 위치일 뿐이므로, 같은 이미지 폴더를 써도 새 저장 폴더면 라벨이 섞이지 않습니다.	The saved-data folder is the dataset boundary for labels, Recipe, and training results. The image folder only provides source images, so labels stay separate when a new saved-data folder is used.
WpfDatasetSetup.SourceRule.Checklist	새로 시작: 새 저장 폴더 / 기존 작업 계속: 기존 저장 폴더 / 원본 이미지만 교체: 이미지 폴더 변경	Start new: new saved-data folder / Continue existing work: existing saved-data folder / Replace source images only: change the image folder
WpfDatasetSetup.ModelHelp.Empty	모델 파일은 선택 사항입니다. 비워 두면 수동 라벨링으로 시작하고 나중에 학습 모델을 적용할 수 있습니다.	The model file is optional. Leave it empty to start manual labeling and apply a trained model later.
WpfDatasetSetup.ModelHelp.Selected	선택한 모델 파일은 Recipe 생성과 함께 현재 검사 모델로 저장됩니다.	The selected model file is saved as the current inspection model with the new Recipe.
WpfDatasetSetup.Status.Initial	생성 전에 새 저장 폴더, 시작 이미지, 클래스를 확인하세요.	Before creating, review the new saved-data folder, starting images, and classes.
WpfDatasetSetup.Error.InvalidRecipeName	Recipe 이름에 사용할 수 없는 문자가 있습니다.	The Recipe name contains unsupported characters.
WpfDatasetSetup.Error.StorageRequired	데이터셋 저장 경로를 입력하세요.	Enter a dataset storage path.
WpfDatasetSetup.Error.ClassRequired	최소 1개 이상의 클래스가 필요합니다.	At least one class is required.
WpfDatasetSetup.Error.ImageRootMissing	원본 이미지 폴더를 찾을 수 없습니다.	The source image folder was not found.
WpfDatasetSetup.Error.WeightsMissing	검사 모델 파일을 찾을 수 없습니다.	The inspection model file was not found.
WpfDatasetSetup.Error.SampleUnavailable	{0}: {1}	{0}: {1}
WpfDatasetSetup.ClassSummary.Empty	생성될 클래스가 없습니다. 최소 1개를 입력하세요.	No classes will be created. Enter at least one.
WpfDatasetSetup.ClassSummary.Count	생성될 클래스 {0}개: {1}	{0} class(es) will be created: {1}
WpfDatasetSetup.StorageHelp.Empty	새 저장 폴더를 선택하세요. 이 폴더가 라벨, Recipe, 학습 파일을 보관하는 데이터셋 기준입니다.	Select a new saved-data folder. This folder is the dataset boundary for labels, Recipe, and training files.
WpfDatasetSetup.StorageHelp.Selected	이 저장 폴더가 라벨/Recipe/학습 파일의 기준입니다. 생성 후 라벨은 이 경로에 분리됩니다: {0}	This saved-data folder is the boundary for labels, Recipe, and training files. Labels will be separated under this path: {0}
WpfDatasetSetup.ImageSource.Selected	원본 이미지 폴더: {0}	Source image folder: {0}
WpfDatasetSetup.ImageSource.Empty	원본 이미지 폴더: 비워 두면 Recipe 내부 train/images 폴더로 시작합니다.	Source image folder: leave empty to start with the Recipe's internal train/images folder.
WpfDatasetSetup.ImageSource.Unknown	샘플 원본 경로 미확인	Sample source path unavailable
WpfDatasetSetup.ImageSource.Sample	원본 이미지 폴더: {0}	Source image folder: {0}
WpfDatasetSetup.IsolationHelp	저장 폴더가 데이터셋을 구분합니다. 같은 원본 이미지 폴더를 써도 새 저장 폴더면 라벨과 학습 결과가 분리됩니다.	The saved-data folder separates datasets. Labels and training results stay separate when a new saved-data folder is used, even with the same source image folder.
WpfDatasetSetup.Preview	목적: {0} / 시작 데이터: {1} / Recipe: {2} / 저장 폴더: {3} / 클래스: {4} / 모델: {5}	Purpose: {0} / Starting data: {1} / Recipe: {2} / Saved-data folder: {3} / Classes: {4} / Model: {5}
WpfDatasetSetup.Mode.ObjectDetection	객체 탐지	Object detection
WpfDatasetSetup.Mode.ObjectDetection.Tooltip	박스 라벨 데이터셋	Box-label dataset
WpfDatasetSetup.Mode.Segmentation	세그멘테이션	Segmentation
WpfDatasetSetup.Mode.Segmentation.Tooltip	폴리곤과 마스크 라벨	Polygon and mask labels
WpfDatasetSetup.Mode.AnomalyDetection	이상 탐지	Anomaly detection
이미지 전체 정상/이상 판정	이미지 전체 정상/이상 판정	Whole-image normal/abnormal decision
빈 프로젝트	빈 프로젝트	Empty project
샘플 없이 새 데이터셋 구조만 만듭니다.	샘플 없이 새 데이터셋 구조만 만듭니다.	Create only a new dataset structure without a sample.
새 라벨을 직접 만들 준비	새 라벨을 직접 만들 준비	Ready to create labels manually
COCO128 객체탐지 샘플	COCO128 객체탐지 샘플	COCO128 object detection sample
사람, 차량, 물체가 포함된 YOLO box 샘플입니다.	사람, 차량, 물체가 포함된 YOLO box 샘플입니다.	YOLO box sample with people, vehicles, and objects.
이미지/YOLO 라벨 128개 준비됨	이미지/YOLO 라벨 128개 준비됨	128 images/YOLO labels ready
datasets/object-detection/coco128 다운로드 필요	datasets/object-detection/coco128 다운로드 필요	Download datasets/object-detection/coco128
Kolektor 산업 이미지(박스)	Kolektor 산업 이미지(박스)	Kolektor industrial images (boxes)
실제 산업 이미지에 직접 박스 라벨을 그리는 객체탐지 샘플입니다.	실제 산업 이미지에 직접 박스 라벨을 그리는 객체탐지 샘플입니다	Object-detection sample for drawing box labels on real industrial images.
kos 산업 이미지 준비됨	kos 산업 이미지 준비됨	Kolektor industrial images ready
KolektorSDD app/data/train/images 경로 필요	KolektorSDD app/data/train/images 경로 필요	KolektorSDD app/data/train/images path required
산업 결함 마스크 샘플	산업 결함 마스크 샘플	Industrial defect mask sample
원본 이미지와 *_label.bmp 마스크를 함께 복사합니다.	원본 이미지와 *_label.bmp 마스크를 함께 복사합니다.	Copies source images together with *_label.bmp masks.
원본/마스크 폴더 감지됨	원본/마스크 폴더 감지됨	Source/mask folders detected
KolektorSDD 같은 산업 샘플 경로 필요	KolektorSDD 같은 산업 샘플 경로 필요	An industrial sample path such as KolektorSDD is required
데이터셋 목적	데이터셋 목적	Dataset purpose
시작 데이터	시작 데이터	Starting data
원본 이미지와 최초 검사 모델	원본 이미지와 최초 검사 모델	Source images and initial inspection model
Recipe 생성 후 별도 화면을 오가지 않도록 이미지 폴더와 모델을 여기서 함께 정합니다. 모델 파일은 선택 사항입니다.	Recipe 생성 후 별도 화면을 오가지 않도록 이미지 폴더와 모델을 여기서 함께 정합니다. 모델 파일은 선택 사항입니다.	Choose the image folder and model here so you do not need to move between screens after creating the Recipe. The model file is optional.
원본 이미지 폴더	원본 이미지 폴더	Source image folder
원본 이미지 폴더 찾기	원본 이미지 폴더 찾기	Browse source image folder
찾기	찾기	Browse
모델 프로필	모델 프로필	Model profile
최초 모델 프로필	최초 모델 프로필	Initial model profile
검사 모델 파일 (선택)	검사 모델 파일 (선택)	Inspection model file (optional)
최초 검사 모델 파일	최초 검사 모델 파일	Initial inspection model file
최초 검사 모델 파일 찾기	최초 검사 모델 파일 찾기	Browse initial inspection model file
이상탐지 클래스 매핑	이상탐지 클래스 매핑	Anomaly class mapping
정상 클래스	정상 클래스	Normal class
이상 클래스	이상 클래스	Anomaly class
Recipe 이름	Recipe 이름	Recipe name
저장 경로	저장 경로	Storage path
데이터셋 저장 경로	데이터셋 저장 경로	Dataset storage path
데이터셋 저장 경로 찾기	데이터셋 저장 경로 찾기	Browse dataset storage path
초기 클래스 (여러 개 가능)	초기 클래스 (여러 개 가능)	Initial classes (multiple allowed)
쉼표(,) 또는 줄바꿈으로 구분하세요. 예: Defect, OK, NG	쉼표(,) 또는 줄바꿈으로 구분하세요. 예: Defect, OK, NG	Separate with commas (,) or line breaks. Example: Defect, OK, NG
생성 미리보기	생성 미리보기	Creation preview
데이터셋 생성 취소	데이터셋 생성 취소	Cancel dataset creation
Recipe 생성 및 적용	Recipe 생성 및 적용	Create and apply Recipe
WpfModelBenchmark.Title	모델 성능 비교	Model performance comparison
WpfModelBenchmark.Action.Refresh	실행 보고서 새로고침	Refresh run reports
WpfModelBenchmark.Search.ToolTip	모델, 런타임, 보고서 검색	Search models, runtimes, and reports
WpfModelBenchmark.TaskFilter.ToolTip	작업 종류 필터	Task type filter
WpfModelBenchmark.Catalog.Title	실행 카탈로그	Run catalog
WpfModelBenchmark.Catalog.Limit	선택 최대 6	Select up to 6
WpfModelBenchmark.Catalog.Empty	저장된 성능 보고서가 없습니다.	No saved performance reports.
WpfModelBenchmark.Action.Clear	선택 해제	Clear selection
WpfModelBenchmark.Action.Clear.ToolTip	비교 선택 해제	Clear comparison selection
WpfModelBenchmark.Status.Empty	실행 {0}개 · 선택 0/{1}	{0} runs · selected 0/{1}
WpfModelBenchmark.Status.Selected	실행 {0}개 · 선택 {1}/{2} · 기준 {3}	{0} runs · selected {1}/{2} · baseline {3}
WpfModelBenchmark.Status.SelectionLimit	비교 선택은 {0}개까지 가능합니다.	You can select up to {0} runs for comparison.
WpfModelBenchmark.Comparison.None	비교할 실행이 선택되지 않았습니다.	No run is selected for comparison.
WpfModelBenchmark.Comparison.One	기준 실행 1개가 선택되었습니다.	One baseline run is selected.
WpfModelBenchmark.Label.Summary	요약	Summary
WpfModelBenchmark.Label.Evidence	평가 근거	Evaluation evidence
WpfModelBenchmark.Label.PrimaryMetric	대표 지표	Primary metric
WpfModelBenchmark.Label.Decision	보고서 판정	Report decision
WpfModelBenchmark.Label.AccuracyTakt	정확도 / Takt 포지션	Accuracy / Takt position
WpfModelBenchmark.Label.MatchingOnly	동일 조건만 표시	Show matching conditions only
WpfModelBenchmark.Label.Higher	더 높음	Higher
WpfModelBenchmark.Label.Lower	더 낮음	Lower
WpfModelBenchmark.Label.Slower	느림	Slower
WpfModelBenchmark.Label.Faster	빠름	Faster
WpfModelBenchmark.Label.GroundTruth	정답 대조 결과	Ground-truth comparison results
WpfModelBenchmark.GroundTruth.Empty	정답 대조 기록이 없습니다.	No ground-truth comparison records.
WpfModelBenchmark.GroundTruth.SelectReport	정답 대조 결과가 있는 탐지 보고서를 선택하세요.	Select a detection report with ground-truth comparison results.
WpfModelBenchmark.GroundTruth.SelectedDetails	선택 실행 상세	Selected run details
WpfModelBenchmark.GroundTruthPreview.ErrorTitle	선택 오류 원본	Selected error source
WpfModelBenchmark.GroundTruthPreview.SelectPrompt	오류 예시를 선택하세요.	Select an error example.
WpfModelBenchmark.GroundTruthPreview.SourceMissing	원본 이미지 경로를 열 수 없습니다.	The source image path cannot be opened.
WpfModelBenchmark.GroundTruth.Title.Decision	이미지별 판정 결과	Per-image decisions
WpfModelBenchmark.GroundTruth.Title.Errors	정답 대조 오류 예시	Ground-truth error examples
WpfModelBenchmark.GroundTruth.Notice.Empty	선택한 리포트에 클래스별/정답 대조 정보가 없습니다. 새 비교를 실행하면 추가됩니다.	The selected report has no per-class or ground-truth comparison data. Run a new comparison to add it.
WpfModelBenchmark.GroundTruth.Errors.Empty	리포트에 저장된 미검출/오검출 예시가 없습니다.	The report has no saved missed-detection or false-detection examples.
WpfModelBenchmark.Threshold.Status.Ready	저장된 예측/정답 대조 리포트 {0}개의 임계값별 결과입니다. 이 화면은 추론을 다시 실행하지 않습니다.	Threshold results from {0} saved prediction/ground-truth comparison report(s). This screen does not run inference again.
WpfModelBenchmark.Threshold.Status.Empty	선택한 리포트에는 v2 임계값 대조가 없습니다. 객체 탐지 비교를 다시 실행하면 저장됩니다.	The selected report has no v2 threshold comparison. Run an object-detection comparison again to save it.
WpfModelBenchmark.Dashboard.Evidence.None	선택 없음	None selected
WpfModelBenchmark.Dashboard.Evidence.Prompt	비교할 실행을 선택하세요.	Select runs for comparison.
WpfModelBenchmark.Dashboard.Quality.None	지표 없음	No metric
WpfModelBenchmark.Dashboard.Quality.Prompt	선택된 실행의 대표 지표가 여기에 표시됩니다.	The primary metric for the selected run appears here.
WpfModelBenchmark.Dashboard.Takt.None	Takt 없음	No Takt
WpfModelBenchmark.Dashboard.Takt.Prompt	동일 실행 조건의 실행을 선택하세요.	Select runs with the same execution conditions.
WpfModelBenchmark.Dashboard.Decision.None	판정 없음	No decision
WpfModelBenchmark.Dashboard.Decision.Prompt	선택 후 보고서의 판정을 확인합니다.	Select a report to review its decision.
WpfModelBenchmark.Dashboard.QualityTakt.Prompt	동일 평가 근거와 타이밍 조건의 실행 2개 이상이 필요합니다.	At least two runs with matching evaluation evidence and timing conditions are required.
WpfModelBenchmark.Dashboard.Outcome.Prompt	정답 대조 결과가 있는 탐지 보고서를 선택하세요.	Select a detection report with ground-truth comparison results.
WpfModelBenchmark.Tab.Summary	요약	Summary
WpfModelBenchmark.Tab.Metrics	지표	Metrics
WpfModelBenchmark.Tab.ClassErrors	클래스/오류	Classes / errors
WpfModelBenchmark.Tab.RunConditions	실행 조건	Run conditions
WpfModelBenchmark.Tab.Threshold	임계값	Thresholds
WpfModelBenchmark.Header.Runtime	런타임	Runtime
WpfModelBenchmark.Header.BaselineDelta	기준 대비	Baseline delta
WpfBatch.Title	AI 배치 검사 사전점검	AI Batch Detection Preflight
WpfBatch.Description	실행 전에 대상, 모델, 클래스, 기존 라벨 정책을 확인합니다.	Review targets, the model, classes, and existing-label policy before running.
WpfBatch.Section.Contract	1. 실행 계약	1. Run contract
WpfBatch.Section.ModelThreshold	모델 / 임계값	Model / threshold
WpfBatch.Section.ExistingLabel	기존 라벨 처리	Existing-label handling
WpfBatch.Automation.ExistingLabelPolicy	기존 라벨 처리 정책	Existing-label handling policy
WpfBatch.Section.Destination	결과 전달 정책	Result destination policy
WpfBatch.Section.ClassMapping	2. Recipe 클래스 매핑	2. Recipe class mapping
WpfBatch.Automation.ClassMapping	Recipe 클래스 매핑	Recipe class mapping
WpfBatch.Header.RecipeClass	Recipe 클래스	Recipe class
WpfBatch.Header.WorkerMapping	worker 이름 매핑	Worker name mapping
WpfBatch.Section.Findings	3. 차단 및 주의 항목	3. Blocking and warning items
WpfBatch.Automation.Findings	AI 배치 사전점검 결과	AI batch preflight results
WpfBatch.Header.Severity	구분	Severity
WpfBatch.Header.Detail	상세	Details
WpfBatch.Footer.NoAction	시작을 누르기 전까지 worker 실행과 라벨 변경은 없습니다.	The worker does not run and labels do not change until Start is pressed.
WpfBatch.Action.Recheck.Automation	사전점검 다시 실행	Run preflight again
WpfBatch.Action.Recheck	다시 점검	Check again
WpfBatch.Action.Cancel	취소	Cancel
WpfBatch.Action.Start.Automation	AI 배치 검사 시작	Start AI batch detection
WpfBatch.Action.Start	시작	Start
WpfBatch.Status.Initial	사전검사 대기	Batch preflight waiting
WpfBatch.Status.ReadyWithWarnings	주의사항 확인 후 실행 가능	Ready to run after reviewing warnings
WpfBatch.Status.Ready	실행 가능	Ready to run
WpfBatch.Status.Blocked	실행 차단	Execution blocked
WpfBatch.Count	요청 {0} · 실행 {1} · 기존 라벨 {2} · 제외 {3}	Requested {0} · runnable {1} · existing labels {2} · excluded {3}
WpfBatch.Model	{0} · {1} · 신뢰도 {2}\n{3}	{0} · {1} · confidence {2}\n{3}
WpfBatch.ClassContract.Empty	클래스 매핑 없음	No class mapping
WpfBatch.ClassContract.Count	Recipe 클래스 {0}개 · worker className을 대소문자 구분 없이 동일 이름으로 해석	{0} Recipe class(es) · worker className maps to the same name without case sensitivity
WpfBatch.DestinationPolicy	결과는 Candidate Review 대기 후보로만 전달됩니다. 자동 승인·자동 저장하지 않습니다.	Results are sent only to Candidate Review as pending candidates. They are not auto-approved or auto-saved.
WpfBatch.Policy.Skip.Display	기존 라벨 이미지 제외 (권장)	Skip labeled images (Recommended)
WpfBatch.Policy.Skip.Detail	저장된 라벨이 있는 이미지는 실행 대상에서 제외합니다.	Images with saved labels are excluded from the run.
WpfBatch.Policy.Include.Display	포함하되 기존 라벨 보존	Include but preserve existing labels
WpfBatch.Policy.Include.Detail	모든 이미지를 검사하고 AI 결과만 후보로 쌓습니다.	Inspect all images and add only AI results as candidates.
WpfBatch.Finding.Severity.Blocking	차단	Blocking
WpfBatch.Finding.Severity.Warning	주의	Warning
WpfBatch.Finding.NoImages	사전검사할 이미지가 없습니다.	There are no images to preflight.
WpfBatch.Finding.MissingImages	파일을 열 수 없는 이미지 {0}개가 포함되었습니다.	{0} image(s) could not be opened.
WpfBatch.Finding.NoRunnable	현재 기존 라벨 처리 정책으로 실행할 이미지가 없습니다.	No images can run under the current existing-label policy.
WpfBatch.Finding.MissingWeights	검사 가중치 파일이 선택되지 않았습니다.	No inspection weights file is selected.
WpfBatch.Finding.ProjectFolderNotFound	YOLO 프로젝트 폴더를 찾을 수 없습니다: {0}	The YOLO project folder was not found: {0}
WpfBatch.Finding.ClientScriptNotFound	YOLO TCP 클라이언트 스크립트을 찾을 수 없습니다: {0}	The YOLO TCP client script was not found: {0}
WpfBatch.Finding.PythonExecutableNotFound	Python 실행 파일을 찾을 수 없습니다: {0}	The Python executable was not found: {0}
WpfBatch.Finding.WeightsFileNotFound	YOLO 가중치 파일을 찾을 수 없습니다: {0}	The YOLO weights file was not found: {0}
WpfBatch.Finding.MappingWarning	가중치 클래스 목록은 사전 추출하지 않습니다. worker className을 Recipe의 동일 이름에 매핑하며 모든 결과는 Candidate Review에서 확인합니다.	The weights class list is not extracted during preflight. worker className is mapped to the same Recipe name, and all results are reviewed in Candidate Review.
WpfBatch.Finding.IncludeExisting	기존 라벨이 있는 {0}개 이미지도 검사합니다. 기존 라벨은 보존됩니다.	The {0} image(s) with existing labels will also be inspected. Existing labels are preserved.
WpfBatch.Finding.NoClasses	현재 Recipe에 등록된 클래스가 없습니다.	No classes are registered in the current Recipe.
WpfBatch.Finding.EmptyClass	이름이 빈 클래스가 있습니다.	A class has an empty name.
WpfBatch.Finding.DuplicateClass	대소문자만 다른 중복 클래스 이름이 있습니다.	Duplicate class names differ only by case.
WpfPatchCoreHeatmap.Title	PatchCore 히트맵	PatchCore heatmap
WpfPatchCoreHeatmap.WindowTitle	PatchCore 히트맵 검토	PatchCore heatmap review
WpfPatchCoreHeatmap.Action.Close	닫기	Close
WpfPatchCoreHeatmap.Action.Close.Automation	PatchCore 히트맵 닫기	Close PatchCore heatmap
WpfPatchCoreHeatmap.Action.Close.ToolTip	PatchCore 히트맵 검토 창을 닫습니다.	Close the PatchCore heatmap review window.
WpfPatchCoreHeatmap.Preview.Automation	PatchCore 결함 위치 히트맵	PatchCore defect-location heatmap
WpfPatchCoreHeatmap.Status.NoPath	히트맵 파일 경로가 없습니다. 검사를 다시 실행해 결과 파일을 생성하세요.	No heatmap file path is available. Run inspection again to create the result file.
WpfPatchCoreHeatmap.Status.InvalidPath	히트맵 파일 경로가 올바르지 않습니다. PatchCore 검사 결과를 다시 확인하세요.	The heatmap file path is invalid. Review the PatchCore inspection result again.
WpfPatchCoreHeatmap.Status.UnsupportedFormat	지원하지 않는 히트맵 이미지 형식입니다. PNG, JPEG, BMP 또는 TIFF 결과를 사용하세요.	The heatmap image format is unsupported. Use a PNG, JPEG, BMP, or TIFF result.
WpfPatchCoreHeatmap.Status.Missing	히트맵 파일을 찾을 수 없습니다. 결과가 이동·삭제되었는지 확인한 뒤 검사를 다시 실행하세요.	The heatmap file was not found. Check whether the result was moved or deleted, then run inspection again.
WpfPatchCoreHeatmap.Status.Opened	히트맵을 열었습니다. 위치 근거를 확인한 뒤 별도로 확정하거나 숨기세요.	The heatmap is open. Review the location evidence, then confirm or hide it separately.
WpfPatchCoreHeatmap.Status.ReadFailed	히트맵 이미지를 읽을 수 없습니다. 파일이 손상되었거나 다른 형식인지 확인하세요.	The heatmap image cannot be read. Check whether the file is corrupt or uses another format.
WpfPatchCoreHeatmap.Status.Empty	히트맵 이미지를 열 수 없습니다.	The heatmap image cannot be opened.
WpfPatchCoreHeatmap.Action.View	히트맵 보기	View heatmap
WpfPatchCoreHeatmap.Action.Hide	히트맵 닫기	Close heatmap
WpfLearningWorkflow.DatasetPurposeHeader	데이터셋 목적	Dataset purpose
WpfLearningWorkflow.GuideToolsRoleTitle	가이드/도구 역할	Guide / tool roles
WpfLearningWorkflow.GuideToolsPrimaryTask	주 작업: 라벨을 그리고 라벨 저장 후 다음 이미지로 이동	Primary task: draw labels, save them, then move to the next image
WpfLearningWorkflow.GuideToolsHelperTask	보조 도구: 템플릿은 현재 이미지에 라벨 초안을 만들고, 최종 반영은 위치 확인 후 라벨 저장	Helper tool: templates create label drafts on the current image; review the location and save the label to apply them
WpfLearningWorkflow.FirstRunSamplePathTitle	처음 실습 경로	First practice path
WpfLearningWorkflow.FirstRunSamplePathSummary	새 데이터셋에서 첫 라벨을 저장하고 후보 검토, 학습 준비까지 이 순서로 확인합니다.	Use this order to save the first label in a new dataset, review candidates, and prepare training.
WpfLearningWorkflow.FirstRunSamplePathPrimaryAction	지금 할 일: 1 데이터셋 목적을 고르고 새로 만들기 또는 기존 열기	Next: 1 Choose a dataset purpose, then create a new dataset or open an existing one
WpfLearningWorkflow.FirstRunChecklistTitle	처음 10분 시작	Start your first 10 minutes
WpfLearningWorkflow.FirstRunChecklistSummary	아무것도 모르고 코더라도 아래 순서대로 하면 첫 라벨을 저장하고 학습 준비 상태까지 확인합니다.	Even if you are starting from scratch, follow the order below to save your first label and check training readiness.
WpfLearningWorkflow.DatasetSetupSectionTitle	데이터셋 준비	Dataset setup
WpfLearningWorkflow.DatasetSetupSequence	준비 순서: 1 데이터셋 만들기 → 2 이미지 불러오기 → 3 클래스 등록 → 4 라벨링	Setup order: 1 Create dataset → 2 Load images → 3 Register classes → 4 Label
WpfLearningWorkflow.DatasetSetupAction	새로 만들기	Create new
WpfLearningWorkflow.DatasetSetupStart.ToolTip	새 데이터셋을 만들고 이미지/라벨 저장 폴더를 분리합니다.	Create a new dataset and separate the image and label storage folders.
WpfLearningWorkflow.DatasetOpenExisting	기존 열기	Open existing
WpfLearningWorkflow.DatasetOpenExisting.ToolTip	이미 만들어 둔 데이터셋을 선택해서 엽니다.	Select and open a dataset that already exists.
WpfLearningWorkflow.DatasetSetupStatus.Before	데이터셋 시작 전	Before dataset start
WpfLearningWorkflow.YoloDatasetStructureTitle	저장 구조	Saved structure
WpfLearningWorkflow.YoloDatasetStructureSummary	설정 파일이 이미지 폴더, 라벨 폴더, 클래스 이름을 알려줍니다.	The configuration file defines the image folder, label folder, and class names.
WpfLearningWorkflow.YoloDatasetPairSummary	예: image_001.jpg ↔ image_001.txt / txt=클래스+박스	Example: image_001.jpg ↔ image_001.txt / txt=class+box
WpfLearningWorkflow.GroundTruthChip	정답 라벨	Ground truth label
WpfLearningWorkflow.PredictionChip	검출 결과	Detection result
WpfLearningWorkflow.TrainingChecklist.Status.Initial	데이터셋: 점검 전	Dataset: check not run
WpfLearningWorkflow.TrainingChecklist.Detail.Initial	라벨을 저장한 뒤 학습/모델 센터에서 새로고침하면 학습 가능 여부를 확인합니다.	Save labels, then refresh Training/Model Center to check whether training is available.
WpfLearningWorkflow.TrainingChecklist.Action.Initial	필요한 항목이 보이면 아래 해결 버튼으로 바로 이동합니다.	When an item needs attention, use the action below to go straight to the fix.
WpfLearningWorkflow.TrainingChecklist.State.Ready	학습 가능	ready for training
WpfLearningWorkflow.TrainingChecklist.State.Warning	주의 후 학습 가능	ready after reviewing warnings
WpfLearningWorkflow.TrainingChecklist.Label.Segments	세그 라벨 {0}	segment labels {0}
WpfLearningWorkflow.TrainingChecklist.Label.Masks	마스크 {0}파일	masks {0} files
WpfLearningWorkflow.TrainingChecklist.Purpose.ObjectDetection	객체 탐지	object detection
WpfLearningWorkflow.TrainingChecklist.Purpose.Segmentation	세그멘테이션	segmentation
WpfLearningWorkflow.TrainingChecklist.Purpose.Anomaly	이상 탐지	anomaly detection
WpfLearningWorkflow.TrainingChecklist.Status.ObjectDetection	데이터셋: 객체 탐지 {0} / 이미지 {1} / 박스 라벨 {2} / 세그 라벨 {3} 제외	Dataset: object detection {0} / images {1} / box labels {2} / segment labels {3} excluded
WpfLearningWorkflow.TrainingChecklist.Status.Segmentation	데이터셋: 세그멘테이션 {0} / 이미지 {1} / {2} / 박스 라벨 {3} 보조	Dataset: segmentation {0} / images {1} / {2} / box labels {3} secondary
WpfLearningWorkflow.TrainingChecklist.Status.Anomaly	데이터셋: 이상 탐지 {0} / 이미지 {1} / 정상 {2} / 이상 {3} / 미판정 {4}	Dataset: anomaly detection {0} / images {1} / normal {2} / abnormal {3} / unreviewed {4}
WpfLearningWorkflow.TrainingChecklist.Status.Failure.Classes	데이터셋: 학습 불가 / 클래스 등록 필요	Dataset: training blocked / classes need to be registered
WpfLearningWorkflow.TrainingChecklist.Status.Failure.Labels	데이터셋: 학습 불가 / 라벨 저장 필요	Dataset: training blocked / labels need to be saved
WpfLearningWorkflow.TrainingChecklist.Status.Failure.SegmentationPolicy	데이터셋: 세그먼트 저장됨 / 박스 라벨 필요	Dataset: segments saved / box labels required
WpfLearningWorkflow.TrainingChecklist.Status.Failure.SegmentationLabels	데이터셋: 세그멘테이션 준비 불가 / 마스크 라벨 필요	Dataset: segmentation blocked / mask labels required
WpfLearningWorkflow.TrainingChecklist.Status.Failure.ValidImages	데이터셋: 학습 불가 / 검증 이미지 필요	Dataset: training blocked / validation images required
WpfLearningWorkflow.TrainingChecklist.Status.Failure.Split	데이터셋: 학습 불가 / train-valid-test 중복 분리 필요	Dataset: training blocked / train-valid-test separation needs review
WpfLearningWorkflow.TrainingChecklist.Status.Failure.DataYaml	데이터셋: 학습 불가 / 학습 설정 확인 필요	Dataset: training blocked / training settings need review
WpfLearningWorkflow.TrainingChecklist.Status.Failure.LabelFormat	데이터셋: 학습 불가 / 라벨 형식 오류	Dataset: training blocked / label format error
WpfLearningWorkflow.TrainingChecklist.Status.Failure.OutputRoot	데이터셋: 학습 불가 / 저장 경로 확인 필요	Dataset: training blocked / output path needs review
WpfLearningWorkflow.TrainingChecklist.Status.Failure.Images	데이터셋: 학습 불가 / 이미지 폴더 확인 필요	Dataset: training blocked / image folder needs review
WpfLearningWorkflow.TrainingChecklist.Status.Failure.Unknown	데이터셋: 학습 불가 / 확인 필요	Dataset: training blocked / review required
WpfLearningWorkflow.TrainingChecklist.Issue.Unknown	원인 미확인	unknown cause
WpfLearningWorkflow.TrainingChecklist.Detail.Ready.Standard	purpose {0}, train {1}, valid {2}, test {3}, box labels {4} ({5}개 파일), segment labels {6} ({7}개 파일), masks {8}, 클래스 {9}	purpose {0}, train {1}, valid {2}, test {3}, box labels {4} ({5} files), segment labels {6} ({7} files), masks {8}, classes {9}
WpfLearningWorkflow.TrainingChecklist.Detail.Ready.Anomaly	purpose {0}, train {1}, valid {2}, test {3}, normal {4}, abnormal {5}, unreviewed {6}	purpose {0}, train {1}, valid {2}, test {3}, normal {4}, abnormal {5}, unreviewed {6}
WpfLearningWorkflow.TrainingChecklist.Detail.Failure	purpose {0}, issue {1} / train {2}, valid {3}, test {4}, box labels {5}, segment labels {6}, masks {7}	purpose {0}, issue {1} / train {2}, valid {3}, test {4}, box labels {5}, segment labels {6}, masks {7}
WpfLearningWorkflow.ModelReplacement.Status.Initial	모델 교체: 데이터셋 점검 전	Model replacement: dataset check pending
WpfLearningWorkflow.ModelReplacement.Status.Unavailable	모델 교체: 불가	Model replacement: unavailable
WpfLearningWorkflow.ModelReplacement.Status.Available	모델 교체: 가능	Model replacement: possible
WpfLearningWorkflow.ModelReplacement.Status.EvidenceInsufficient	모델 교체: 근거 부족	Model replacement: evidence insufficient
WpfLearningWorkflow.ModelReplacement.Status.Hold	모델 교체: 보류	Model replacement: on hold
WpfLearningWorkflow.ModelReplacement.Detail.Initial	학습 후 최종 검증 이미지 결과로 기존 모델 교체 여부를 판단합니다.	Decide whether to replace the existing model using final-validation image results after training.
WpfLearningWorkflow.ModelReplacement.Detail.Unavailable	먼저 학습 불가 항목을 해결해야 모델 교체를 판단할 수 있습니다.	Resolve blocked training items before deciding whether to replace the model.
WpfLearningWorkflow.ModelReplacement.Detail.NoLabels	최종 검증 이미지는 있지만 정답 라벨 파일이 없습니다. 모델 비교 전 최종 검증 라벨을 저장하세요.	Final-validation images exist, but no ground-truth label files are available. Save final-validation labels before comparing models.
WpfLearningWorkflow.ModelReplacement.Detail.WeakEvidence	최종 검증 라벨 {0}장으로 비교는 가능하지만 교체 근거가 약합니다. 권장 {1}장까지 {2}장을 더 확보하세요.	Comparison is possible with {0} final-validation labels, but replacement evidence is weak. Collect {2} more to reach the recommended {1}.
WpfLearningWorkflow.ModelReplacement.Detail.Available	최종 검증 라벨 {0}장으로 기존 모델과 비교 후 교체를 판단하세요.	Compare the existing model with {0} final-validation labels, then decide whether to replace it.
WpfLearningWorkflow.ModelReplacement.Detail.NoTest	학습/검증 이미지로 학습은 가능하지만 최종 검증 이미지가 0장이므로 기존 모델 교체는 보류하세요.	Training is possible with train/validation images, but hold model replacement because there are 0 final-validation images.
WpfLearningWorkflow.TrainingModelLifecycle.Current.Initial	없음	None
WpfLearningWorkflow.TrainingModelLifecycle.Current.Value	{0}	{0}
WpfLearningWorkflow.TrainingModelLifecycle.Candidate.Initial	학습 결과 없음	No training result
WpfLearningWorkflow.TrainingModelLifecycle.Candidate.None	없음	None
WpfLearningWorkflow.TrainingModelLifecycle.Candidate.Same	현재 검사 모델과 같음	Same as current inspection model
WpfLearningWorkflow.TrainingModelLifecycle.Candidate.Value	{0}	{0}
WpfLearningWorkflow.TrainingModelLifecycle.Decision.Initial	학습 결과 비교 전	Before comparing training results
WpfLearningWorkflow.TrainingModelLifecycle.Decision.Pending	후보 선택됨 - 설정 저장 필요	Candidate selected - save settings
WpfLearningWorkflow.TrainingModelLifecycle.Decision.NoResult	학습 결과 없음	No training result
WpfLearningWorkflow.TrainingModelLifecycle.Decision.Current	현재 검사 모델로 사용 중	In use as current inspection model
WpfLearningWorkflow.TrainingModelLifecycle.Decision.Review	새 후보 검토 필요	Review new candidate
WpfLearningWorkflow.TrainingModelLifecycle.Decision.Keep	현재 모델 유지 권장	Keep current model recommended
WpfLearningWorkflow.TrainingModelLifecycle.Decision.Value	{0}	{0}
WpfLearningWorkflow.TrainingModelLifecycle.Next.Initial	데이터셋 점검 후 학습을 시작하세요.	Run Dataset Health, then start training.
WpfLearningWorkflow.TrainingModelLifecycle.Next.Pending	검사 모델로 저장을 눌러 recipe에 저장하세요. 다음 추론부터 이 모델을 사용합니다.	Click Save as inspection model to store it in the recipe. This model will be used from the next inference.
WpfLearningWorkflow.TrainingModelLifecycle.Next.CurrentOnly	필요하면 새 학습을 시작하거나 현재 모델로 검사하세요.	Start a new training run if needed, or inspect with the current model.
WpfLearningWorkflow.TrainingModelLifecycle.Next.Same	현재 검사 버튼으로 추론 검토를 진행하세요.	Use Inspect current model to review inference results.
WpfLearningWorkflow.TrainingModelLifecycle.Next.Review	후보 모델의 최종 검증 결과를 비교한 뒤 저장하세요.	Compare the candidate's final-validation results, then save it.
WpfLearningWorkflow.TrainingModelLifecycle.Next.Value	{0}	{0}
WpfLearningWorkflow.TrainingModelLifecycle.Title	모델 확인	Model review
WpfLearningWorkflow.TrainingModelLifecycle.Label.Current	검사 모델	Inspection model
WpfLearningWorkflow.TrainingModelLifecycle.Label.Candidate	학습 후보	Training candidate
WpfLearningWorkflow.TrainingModelLifecycle.Label.Decision	판단	Decision
WpfLearningWorkflow.TrainingModelLifecycle.Label.NextAction	다음	Next
WpfLearningWorkflow.TrainingComparison.Title	학습 결과 비교	Training result comparison
WpfLearningWorkflow.TrainingComparison.History.Initial	최근 학습 이력: 아직 없습니다.	No recent training history.
WpfLearningWorkflow.TrainingComparison.History.Value	{0}	{0}
WpfLearningWorkflow.TrainingComparison.Summary.Initial	학습 결과 비교: 아직 비교할 학습 결과가 없습니다.	Training result comparison: no training result has been compared yet.
WpfLearningWorkflow.TrainingComparison.Summary.Value	{0}	{0}
WpfLearningWorkflow.TrainingComparison.Comparison.Initial	학습 결과 비교: 아직 비교할 학습 결과가 없습니다.	Training result comparison: no training result has been compared yet.
WpfLearningWorkflow.TrainingComparison.Comparison.Value	{0}	{0}
WpfLearningWorkflow.TrainingComparison.Adoption.Initial	교체 판단: 학습 결과 비교 전	Adoption decision: before comparing training results
WpfLearningWorkflow.TrainingComparison.Adoption.Value	{0}	{0}
WpfLearningWorkflow.TrainingComparison.Run.Action.Initial	모델 비교	Compare models
WpfLearningWorkflow.TrainingComparison.Run.Action.Value	{0}	{0}
WpfLearningWorkflow.TrainingComparison.Run.Tooltip.Initial	최종 검증 이미지로 기존 모델과 새 학습 모델을 비교	Compare the current and new training models on final-validation images
WpfLearningWorkflow.TrainingComparison.Run.Tooltip.Value	{0}	{0}
WpfLearningWorkflow.TrainingComparison.Basis.Initial	비교 기준: 데이터셋 점검 후 표시됩니다.	Comparison basis: shown after Dataset Health.
WpfLearningWorkflow.TrainingComparison.Basis.Value	{0}	{0}
WpfLearningWorkflow.DatasetPurpose.ObjectDetection	객체 탐지 데이터셋: 박스 라벨로 위치를 학습하고 여러 객체탐지 모델에서 재사용할 수 있습니다.	Object-detection dataset: learn object locations from box labels and reuse them with multiple object-detection models.
WpfLearningWorkflow.DatasetPurpose.Segmentation	세그멘테이션 데이터셋: 폴리곤, 브러시, 지우개로 픽셀 마스크를 만듭니다. 모델 학습/검사는 세그멘테이션 실행기 연결 후 진행합니다.	Segmentation dataset: create pixel masks with polygons, the brush, and the eraser. Training and inspection run after a segmentation runtime is connected.
WpfLearningWorkflow.DatasetPurpose.AnomalyDetection	이상 탐지 데이터셋: 이미지를 그리지 않고 전체 화면을 정상(OK) 또는 이상(NG)으로 판정합니다. 모델 학습/검사는 이미지 분류 실행기 연결 후 진행합니다.	Anomaly-detection dataset: classify each whole image as normal (OK) or abnormal (NG) without drawing regions. Training and inspection run after an image-classification runtime is connected.
WpfLearningWorkflow.DatasetPurpose.Train	학습 단계: 현재 선택한 데이터셋을 평가하고 모델 학습을 시작합니다.	Training stage: evaluate the selected dataset and start model training.
WpfLearningWorkflow.DatasetPurpose.Infer	추론 단계: 학습한 모델로 AI 후보를 만들고 검사합니다.	Inference stage: create and inspect AI candidates with a trained model.
WpfLearningWorkflow.DatasetPurpose.Review	검토 단계: AI 후보를 정답 라벨로 확정하거나 제외합니다.	Review stage: confirm AI candidates as ground-truth labels or exclude them.
WpfLearningWorkflow.DatasetPurpose.Default	데이터셋 목적을 먼저 선택하면 필요한 라벨링 도구만 표시합니다.	Select a dataset purpose first to show only the labeling tools it needs.
WpfLearningWorkflow.ToolSummary.ObjectDetection	표시 도구: 선택, 박스, 이동. 브러시/지우개는 숨겨 박스 라벨링에 집중합니다.	Visible tools: select, box, and pan. The brush and eraser stay hidden so you can focus on box labeling.
WpfLearningWorkflow.ToolSummary.Segmentation	표시 도구: 박스(Smart Mask 시작), 선택, 폴리곤, 브러시, 지우개, 이동. 박스는 Smart Mask 프롬프트로 사용합니다.	Visible tools: box (Smart Mask start), select, polygon, brush, eraser, and pan. The box is used as a Smart Mask prompt.
WpfLearningWorkflow.ToolSummary.AnomalyDetection	이미지 전체 판정 작업에는 그리기 도구가 없습니다. 확대/축소와 이동만 사용할 수 있습니다.	Whole-image review has no drawing tools. Only zoom and pan are available.
WpfLearningWorkflow.ToolSummary.Default	데이터셋 목적에 맞는 도구만 표시합니다.	Only tools for the selected dataset purpose are shown.
WpfLearningWorkflow.FirstAction.ObjectDetection	처음 시작: 객체탐지를 고르고 박스 데이터셋을 먼저 준비하세요.	Start here: choose object detection and prepare the box dataset first.
WpfLearningWorkflow.FirstAction.Segmentation	처음 시작: 세그멘테이션을 고르고 마스크 데이터셋을 먼저 준비하세요.	Start here: choose segmentation and prepare the mask dataset first.
WpfLearningWorkflow.FirstAction.AnomalyDetection	처음 시작: 이상탐지를 고르고 정상/이상 이미지를 먼저 준비하세요.	Start here: choose anomaly detection and prepare normal/abnormal images first.
WpfLearningWorkflow.FirstAction.Default	처음 시작: 목적을 고르고 데이터셋을 먼저 준비하세요.	Start here: choose a purpose and prepare the dataset first.
WpfLearningWorkflow.Structure.DataYaml.Value	폴더/클래스 목록	Folder/class list
WpfLearningWorkflow.Structure.DataYaml.Detail	학습이 읽을 위치	Location read by training
WpfLearningWorkflow.Structure.Images.Value	원본 이미지	Source images
WpfLearningWorkflow.Structure.Images.Detail	train / valid / test	train / valid / test
WpfLearningWorkflow.Structure.Labels.Value	정답 라벨	Ground-truth labels
WpfLearningWorkflow.Structure.Labels.Detail	같은 이름의 txt	Same-name txt
WpfLearningWorkflow.Structure.TxtLine.Title	txt 1줄	One txt line
WpfLearningWorkflow.Structure.TxtLine.Value	클래스 + 박스	Class + box
WpfLearningWorkflow.Structure.TxtLine.Detail	중심 x/y, 너비, 높이	center x/y, width, height
WpfLearningWorkflow.ObjectDetectionMvpNextAction.SplitGuidance	객체탐지 MVP 완료까지: 학습/검증/최종 검증에 같은 이미지가 섞이지 않도록 분리하세요.	Object-detection MVP next step: keep the training, validation, and final-validation images separate.
WpfLearningWorkflow.ObjectDetectionMvpNextAction.ValidationGuidance	객체탐지 MVP 완료까지: 데이터셋 점검으로 이동해 train/valid 분리와 validation 비율을 다시 확인하세요.	Object-detection MVP next step: open Dataset Health and review the train/valid split and validation ratio.
WpfLearningWorkflow.ObjectDetectionMvpNextAction.Empty	객체탐지 MVP: 점검 결과 확인 전	Object-detection MVP: waiting for the dataset check result
WpfLearningWorkflow.ObjectDetectionMvpNextAction.Complete	객체탐지 MVP: 완료 - 학습과 최종 검증으로 이동	Object-detection MVP: complete - continue to training and final validation
WpfLearningWorkflow.ObjectDetectionMvpNextAction.Dynamic	객체탐지 MVP 완료까지: {0}	Object-detection MVP next step: {0}
WpfLearningWorkflow.DatasetDashboardAction.Initial	먼저 라벨을 저장한 뒤 데이터셋 점검을 누르세요.	Save a label first, then open Dataset Health.
WpfLearningWorkflow.DatasetDashboard.Action.Ready.ObjectDetection	이제 5단계 모델 학습에서 설정을 확인하고 시작하세요.	Review the settings in step 5, Model Training, and start training.
WpfLearningWorkflow.DatasetDashboard.Action.Ready.Segmentation	이제 세그멘테이션 학습/export 설정을 확인하고 시작하세요.	Review the segmentation training/export settings and start the next step.
WpfLearningWorkflow.DatasetDashboard.Action.Ready.Anomaly	이제 이상 탐지 학습 설정을 확인하고 시작하세요.	Review the anomaly-detection training settings and start the next step.
WpfLearningWorkflow.DatasetDashboard.Action.Warning.TestSplitEmpty	최종 검증 이미지가 없습니다. 모델 교체 판단 전 1장 이상 확보하세요.	The final-validation split is empty. Add at least one image before judging model replacement.
WpfLearningWorkflow.DatasetDashboard.Action.Warning.SplitGuide	검증과 최종 검증 분할 기준을 확인하세요.	Review the validation and final-validation split guidance.
WpfLearningWorkflow.DatasetDashboard.Action.Warning.Raw	주의: {0}	Warning: {0}
WpfLearningWorkflow.DatasetDashboard.Action.Warning.Unknown	확인이 필요한 데이터셋 경고가 있습니다.	A dataset warning needs your review.
WpfLearningWorkflow.TrainingChecklist.Action.Warning.Raw	{0}	{0}
WpfLearningWorkflow.DatasetDashboard.Action.Failure.Classes	클래스 등록 버튼으로 이동해 모델이 배울 이름을 먼저 등록하세요.	Open the Classes action and register the names the model will learn first.
WpfLearningWorkflow.DatasetDashboard.Action.Failure.Labels	라벨링 시작 버튼으로 이동해 박스를 그리고 저장한 뒤 다시 점검하세요.	Open labeling, draw and save boxes, then run the check again.
WpfLearningWorkflow.DatasetDashboard.Action.Failure.SegmentationPolicy	현재 객체탐지 학습은 박스 라벨 파일이 필요합니다. 박스 라벨을 추가하거나 segmentation 학습/export 정책을 선택하세요.	Object-detection training currently requires box-label files. Add box labels or choose the segmentation training/export policy.
WpfLearningWorkflow.DatasetDashboard.Action.Failure.SegmentationLabels	세그멘테이션 목적에서는 브러시나 폴리곤으로 마스크를 저장한 뒤 다시 데이터셋 점검을 실행하세요.	For a segmentation dataset, save masks with the brush or polygon tool and run Dataset Health again.
WpfLearningWorkflow.DatasetDashboard.Action.Failure.ValidImages	데이터셋 점검으로 이동해 train/valid 분리와 validation 비율을 다시 확인하세요.	Open Dataset Health and review the train/valid split and validation ratio.
WpfLearningWorkflow.DatasetDashboard.Action.Failure.Split	검증/테스트 이미지는 학습 이미지와 달라야 합니다. 이미지 폴더를 다시 나누거나 split 비율과 샘플 구성을 점검하세요.	Validation and test images must differ from training images. Re-separate the folders or review split ratios and samples.
WpfLearningWorkflow.DatasetDashboard.Action.Failure.DataYaml	데이터셋 점검 버튼으로 학습 설정을 다시 생성하고 저장 경로를 확인하세요.	Regenerate the training settings with Dataset Health and confirm the save path.
WpfLearningWorkflow.DatasetDashboard.Action.Failure.LabelFormat	문제가 있는 txt 라벨을 다시 저장하거나 해당 이미지를 다시 라벨링하세요.	Save the problematic txt labels again or relabel those images.
WpfLearningWorkflow.DatasetDashboard.Action.Failure.OutputRoot	데이터셋 홈에서 저장 폴더를 확인하고 설정을 저장하세요.	Open Dataset Home, confirm the save folder, and save the settings.
WpfLearningWorkflow.DatasetDashboard.Action.Failure.Images	1단계에서 학습 이미지 폴더를 다시 열고, 지원되는 이미지가 있는지 확인하세요.	Reopen the training-image folder in step 1 and confirm that supported images are present.
WpfLearningWorkflow.DatasetDashboard.Action.Failure.Unknown	원인을 확인한 뒤 클래스, 라벨링, 데이터셋 점검 중 맞는 항목으로 이동하세요.	Review the cause, then open the matching Classes, Labeling, or Dataset Health action.
WpfLearningWorkflow.DatasetDashboard.Status.Before	데이터셋 상태: 점검 전	Dataset status: check not run
WpfLearningWorkflow.DatasetDashboard.Status.Ready	데이터셋 상태: 학습 가능	Dataset status: ready for training
WpfLearningWorkflow.DatasetDashboard.Status.ReadyWithWarnings	데이터셋 상태: 주의 후 학습 가능	Dataset status: ready with warnings
WpfLearningWorkflow.DatasetDashboard.Status.NotReady	데이터셋 상태: 학습 불가	Dataset status: training blocked
WpfLearningWorkflow.DatasetDashboard.Summary.Before	데이터셋 점검을 실행하면 이미지, 라벨, 분할, 클래스 상태가 표시됩니다.	Run Dataset Health to see image, label, split, and class status.
WpfLearningWorkflow.DatasetDashboard.Summary.Standard	purpose {0}, images {1}, train {2}, valid {3}, test {4}, classes {5}, quality missing {6}, invalid {7}, empty {8}	purpose {0}, images {1}, train {2}, valid {3}, test {4}, classes {5}, quality missing {6}, invalid {7}, empty {8}
WpfLearningWorkflow.DatasetDashboard.Summary.Anomaly	purpose {0}, images {1}, train {2}, valid {3}, test {4}, classes {5}, anomaly normal {6}, abnormal {7}, unreviewed {8}, quality missing {9}, invalid {10}, empty {11}	purpose {0}, images {1}, train {2}, valid {3}, test {4}, classes {5}, anomaly normal {6}, abnormal {7}, unreviewed {8}, quality missing {9}, invalid {10}, empty {11}
WpfLearningWorkflow.DatasetDashboard.Issue.Before	점검 전: 데이터셋 점검을 실행하면 문제 항목이 표시됩니다.	Check first: run Dataset Health to see any issues.
WpfLearningWorkflow.DatasetDashboard.Issue.NoIssues	문제 없음: 학습 설정으로 이동해도 됩니다.	No issues: you can continue to training settings.
WpfLearningWorkflow.DatasetDashboard.Issue.Quality	다음: 누락 라벨 {0}장, invalid 라벨 {1}줄을 정리하세요.	Next: resolve {0} missing labels and {1} invalid label lines.
WpfLearningWorkflow.DatasetDashboard.Issue.Anomaly.Unreviewed	다음: anomaly 미검토 {0}장을 정상/이상으로 분류하세요.	Next: classify {0} unreviewed anomaly images as normal or abnormal.
WpfLearningWorkflow.DatasetDashboard.Issue.Anomaly.Complete	문제 없음: anomaly 정상/이상 분류가 완료됐습니다.	No issues: anomaly normal/abnormal classification is complete.
WpfLearningWorkflow.DatasetDashboard.Issue.Warning.TestSplitEmpty	최종 검증 이미지가 없습니다. 모델 교체 판단 전 1장 이상 확보하세요.	The final-validation split is empty. Add at least one image before judging model replacement.
WpfLearningWorkflow.DatasetDashboard.Issue.Warning.SplitGuide	검증과 최종 검증 분할 기준을 확인하세요.	Review the validation and final-validation split guidance.
WpfLearningWorkflow.DatasetDashboard.Issue.Warning.Raw	주의: {0}	Warning: {0}
WpfLearningWorkflow.DatasetDashboard.Issue.Detail	세부: {0}	Detail: {0}
WpfLearningWorkflow.DatasetDashboard.Issue.Next.ObjectDetection.Images	다음: 이미지 폴더를 열어 객체탐지 데이터셋을 시작하세요.	Next: open the image folder to start the object-detection dataset.
WpfLearningWorkflow.DatasetDashboard.Issue.Next.ObjectDetection.Classes	다음: 클래스 탭에서 모델이 배울 이름을 등록하세요.	Next: register the names the model will learn in the Classes tab.
WpfLearningWorkflow.DatasetDashboard.Issue.Next.ObjectDetection.Labels	다음: 박스 도구로 첫 객체를 라벨링하고 저장하세요.	Next: label and save the first object with the box tool.
WpfLearningWorkflow.DatasetDashboard.Issue.Next.ObjectDetection.Remaining	다음: 미완료 {0}장에 박스를 저장하거나 빈 정상 이미지로 완료 처리하세요.	Next: save boxes for the remaining {0} images or mark blank normal images complete.
WpfLearningWorkflow.DatasetDashboard.Issue.Next.ObjectDetection.SplitOverlap	다음: 학습/검증/최종 검증에 같은 이미지가 섞이지 않도록 분리하세요.	Next: keep the training, validation, and final-validation images separate.
WpfLearningWorkflow.DatasetDashboard.Issue.Next.ObjectDetection.ValidImages	다음: 검증 이미지를 1장 이상 확보해 학습 검증이 가능하게 만드세요.	Next: add at least one validation image so training can be checked.
WpfLearningWorkflow.DatasetDashboard.Issue.Next.ObjectDetection.TestImages	다음: 모델 교체 판단 전 최종 검증 이미지를 1장 이상 확보하세요.	Next: add at least one final-validation image before judging model replacement.
WpfLearningWorkflow.DatasetDashboard.Issue.Next.ObjectDetection.TestLabels	다음: 최종 검증 이미지에 정답 라벨을 저장하세요.	Next: save ground-truth labels for the final-validation images.
WpfLearningWorkflow.DatasetDashboard.Issue.Next.ObjectDetection.MoreFinalVerification	다음: 모델 교체 근거를 높이려면 최종 검증 라벨을 {0}장 더 확보하세요.	Next: add {0} more final-validation labels to strengthen model-replacement evidence.
WpfLearningWorkflow.DatasetDashboard.Issue.Next.ObjectDetection.Complete	완료: 객체탐지 라벨링 MVP가 준비되었습니다. 학습 후 최종 검증 비교로 모델 교체를 판단하세요.	Complete: the object-detection labeling MVP is ready. Compare final validation after training before replacing the model.
WpfLearningWorkflow.DatasetDashboard.Issue.Next.ObjectDetection.FixDetails	다음: 데이터셋 점검 결과의 세부 오류를 먼저 해결하세요.	Next: resolve the detailed dataset-check errors first.
WpfLearningWorkflow.DatasetDashboard.Issue.Friendly.Classes	클래스 등록이 필요합니다. 모델이 배울 이름을 먼저 만드세요.	Classes are required. Add the names the model will learn first.
WpfLearningWorkflow.DatasetDashboard.Issue.Friendly.Labels	라벨 저장이 필요합니다. 박스를 그리고 저장한 뒤 다시 점검하세요.	Labels must be saved. Draw boxes, save them, and run the check again.
WpfLearningWorkflow.DatasetDashboard.Issue.Friendly.SegmentationPolicy	객체 탐지는 박스 txt 라벨이 필요합니다.	Object detection requires box txt labels.
WpfLearningWorkflow.DatasetDashboard.Issue.Friendly.SegmentationLabels	세그멘테이션은 브러시/폴리곤 라벨이 필요합니다.	Segmentation requires brush or polygon labels.
WpfLearningWorkflow.DatasetDashboard.Issue.Friendly.ValidImages	검증 이미지가 필요합니다. 분할 설정을 확인하세요.	Validation images are required. Check the split settings.
WpfLearningWorkflow.DatasetDashboard.Issue.Friendly.Split	학습/검증/최종 검증에 같은 이미지가 섞여 있습니다. 학습과 검증은 다른 이미지로 분리하세요.	The same images are mixed across training, validation, and final validation. Separate training and validation images.
WpfLearningWorkflow.DatasetDashboard.Issue.Friendly.DataYaml	학습 설정이 현재 프로젝트와 맞지 않습니다. 데이터셋 점검을 다시 실행하세요.	The training configuration does not match this project. Run Dataset Health again.
WpfLearningWorkflow.DatasetDashboard.Issue.Friendly.LabelFormat	박스 라벨 파일 형식이 잘못된 파일이 있습니다.	Some box-label files have an invalid format.
WpfLearningWorkflow.DatasetDashboard.Issue.Friendly.OutputRoot	데이터셋 저장 경로를 확인하세요.	Check the dataset output path.
WpfLearningWorkflow.DatasetDashboard.Issue.Friendly.Images	학습할 이미지 폴더를 다시 선택하세요.	Select the image folder to train again.
WpfLearningWorkflow.DatasetDashboard.Issue.Friendly.Unknown	데이터셋 점검 결과를 확인하고 필요한 항목을 수정하세요.	Review the dataset-check result and fix the required items.
WpfLearningWorkflow.DatasetDashboard.Metric.Images.Title	이미지	Images
WpfLearningWorkflow.DatasetDashboard.Metric.Images.Detail	train {0}, valid {1}, test {2}	train {0}, valid {1}, test {2}
WpfLearningWorkflow.DatasetDashboard.Metric.Progress.Title	진행	Progress
WpfLearningWorkflow.DatasetDashboard.Metric.Progress.Detail	검토된 라벨 파일 {0}개, 진행률 {1}%	Reviewed label files {0}, progress {1}%
WpfLearningWorkflow.DatasetDashboard.Metric.Split.Title	분할	Split
WpfLearningWorkflow.DatasetDashboard.Metric.Split.Detail	학습 / 검증 / 최종 검증	Train / validation / final validation
WpfLearningWorkflow.DatasetDashboard.Metric.Initial.Labels.Title	라벨	Labels
WpfLearningWorkflow.DatasetDashboard.Metric.Replacement.Title	교체	Replacement
WpfLearningWorkflow.DatasetDashboard.Metric.Replacement.Value.Available	가능	Available
WpfLearningWorkflow.DatasetDashboard.Metric.Replacement.Value.Caution	주의	Caution
WpfLearningWorkflow.DatasetDashboard.Metric.Replacement.Value.Hold	보류	On hold
WpfLearningWorkflow.DatasetDashboard.Metric.Replacement.Value.Unavailable	불가	Unavailable
WpfLearningWorkflow.DatasetDashboard.Metric.Replacement.Detail.Evidence	최종 검증 라벨 {0}장	Final-validation labels {0}
WpfLearningWorkflow.DatasetDashboard.Metric.Replacement.Detail.Weak	최종 검증 라벨 {0}장 / 권장 {1}장 이상	Final-validation labels {0} / recommended at least {1}
WpfLearningWorkflow.DatasetDashboard.Metric.Replacement.Detail.NoLabels	최종 검증 라벨 0장: 정답 라벨 필요	No final-validation labels: ground-truth labels required
WpfLearningWorkflow.DatasetDashboard.Metric.Replacement.Detail.NoTest	최종 검증 0장: 학습/검증만 있음	No final-validation images: training/validation only
WpfLearningWorkflow.DatasetDashboard.Metric.Primary.Anomaly.Title	판정	Review
WpfLearningWorkflow.DatasetDashboard.Metric.Primary.Anomaly.Detail	정상 {0}장, 이상 {1}장	Normal {0}, abnormal {1}
WpfLearningWorkflow.DatasetDashboard.Metric.Primary.Detection.Title	박스	Boxes
WpfLearningWorkflow.DatasetDashboard.Metric.Primary.Detection.Detail	박스 {0}개, 라벨 파일 {1}개	Boxes {0}, label files {1}
WpfLearningWorkflow.DatasetDashboard.Metric.Primary.Segmentation.Title	세그	Segments
WpfLearningWorkflow.DatasetDashboard.Metric.Primary.Segmentation.Detail	세그먼트 {0}개, 마스크 {1}개	Segments {0}, masks {1}
WpfLearningWorkflow.DatasetDashboard.Metric.Artifacts.Anomaly.Title	판정 이미지	Decision images
WpfLearningWorkflow.DatasetDashboard.Metric.Artifacts.Anomaly.Detail	학습 {0}장, 검증 {1}장, 최종 {2}장	Train {0}, validation {1}, final validation {2}
WpfLearningWorkflow.DatasetDashboard.Metric.Artifacts.Detection.Title	라벨 파일	Label files
WpfLearningWorkflow.DatasetDashboard.Metric.Artifacts.Detection.Detail	학습 {0}개, 검증 {1}개, 최종 {2}개	Train {0}, validation {1}, final validation {2}
WpfLearningWorkflow.DatasetDashboard.Metric.Artifacts.Segmentation.Title	SEG 검토	SEG review
WpfLearningWorkflow.DatasetDashboard.Metric.Artifacts.Segmentation.Detail	세그먼트 {0}개, 마스크 {1}개 / 클릭: 기존 마스크 보정 드릴다운 보고서	Segments {0}, masks {1} / click to save the existing-mask correction drill-down report
WpfLearningWorkflow.DatasetDashboard.Metric.Class.Title	클래스	Classes
WpfLearningWorkflow.DatasetDashboard.Metric.Class.Detail	모델이 배울 이름	Names the model learns
WpfLearningWorkflow.DatasetDashboard.Metric.Duplicate.Title	중복	Duplicates
WpfLearningWorkflow.DatasetDashboard.Metric.Duplicate.Detail.NoExample	분할 중복	Split overlap
WpfLearningWorkflow.DatasetDashboard.Metric.Duplicate.Detail.Example	{0}	{0}
WpfLearningWorkflow.DatasetDashboard.Metric.Quality.Title	품질 보고서	Quality report
WpfLearningWorkflow.DatasetDashboard.Metric.Quality.Detail.NoClasses	누락 {0}장, invalid {1}줄, 빈 정상 {2}장 / 클릭하면 현재 상태를 Markdown 보고서로 저장합니다.	Missing {0}, invalid {1} lines, empty normal {2} / click to save the current state as a Markdown report.
WpfLearningWorkflow.DatasetDashboard.Metric.Quality.Detail.Classes	누락 {0}장, invalid {1}줄, 빈 정상 {2}장, 클래스 {3} / 클릭하면 현재 상태를 Markdown 보고서로 저장합니다.	Missing {0}, invalid {1} lines, empty normal {2}, classes {3} / click to save the current state as a Markdown report.
WpfLearningWorkflow.DatasetDashboard.Metric.AnomalyReview.Title	정상/이상	Normal/abnormal
WpfLearningWorkflow.DatasetDashboard.Metric.AnomalyReview.Detail	정상 {0}장, 이상 {1}장, 미검토 {2}장	Normal {0}, abnormal {1}, unreviewed {2}
WpfLearningWorkflow.DatasetDashboard.Metric.State.Before	점검 전	Not checked
WpfLearningWorkflow.DatasetDashboard.Metric.State.Complete	완료	Complete
WpfLearningWorkflow.DatasetDashboard.Metric.State.Needed	필요	Needed
WpfLearningWorkflow.DatasetDashboard.Metric.State.Waiting	대기	Waiting
WpfLearningWorkflow.DatasetDashboard.Metric.State.Progress	진행	In progress
WpfLearningWorkflow.DatasetDashboard.Metric.State.Check	확인	Check
WpfLearningWorkflow.DatasetDashboard.Metric.State.NoTest	테스트 없음	No test split
WpfLearningWorkflow.DatasetDashboard.Metric.State.EvidenceInsufficient	근거 부족	Evidence insufficient
WpfLearningWorkflow.DatasetDashboard.Metric.State.FinalLabelsNeeded	최종 라벨 필요	Final labels needed
WpfLearningWorkflow.DatasetDashboard.Metric.State.TrainFirst	학습 먼저	Train first
WpfLearningWorkflow.DatasetDashboard.Metric.State.Exists	있음	Present
WpfLearningWorkflow.DatasetDashboard.Metric.State.Review	검토	Review
WpfLearningWorkflow.DatasetDashboard.Metric.State.SeparateNeeded	분리 필요	Separation needed
WpfLearningWorkflow.DatasetDashboard.Metric.State.None	없음	None
WpfLearningWorkflow.DatasetDashboard.Metric.State.CleanupNeeded	정리 필요	Cleanup needed
WpfLearningWorkflow.DatasetDashboard.Metric.State.ReviewNeeded	검토 필요	Review needed
WpfLearningWorkflow.DatasetDashboard.Metric.State.Classified	분류 완료	Classified
WpfLearningWorkflow.DatasetDashboard.Metric.State.NormalComplete	정상 완료	Normal complete
전체	전체	All
모델, 런타임, 보고서 검색	모델, 런타임, 보고서 검색	Search models, runtimes, and reports
작업 종류 필터	작업 종류 필터	Task type filter
실행 카탈로그	실행 카탈로그	Run catalog
선택 최대 6	선택 최대 6	Select up to 6
비교 선택	비교 선택	Select for comparison
기준 실행으로 설정	기준 실행으로 설정	Set as baseline run
비교 선택 해제	비교 선택 해제	Clear comparison selection
기준	기준	Baseline
요약	요약	Summary
클래스별 검증 지표	클래스별 검증 지표	Per-class validation metrics
정답 수	정답 수	Ground-truth count
지표	지표	Metrics
선택 없음	선택 없음	None selected
선택 후 보고서의 판정을 확인합니다.	선택 후 보고서의 판정을 확인합니다.	Select a report to review its decision.
비교 가능한 실행이 없습니다.	비교 가능한 실행이 없습니다.	No comparable runs.
WpfEnvironment.Title	환경 설정 센터	Environment Setup Center
WpfEnvironment.Description	설치 후 필요한 앱 파일, 저장 경로, 뷰어 그래픽과 모델 실행 유틸리티를 한곳에서 확인합니다.	Review required app files, storage paths, viewer graphics, and model runtime utilities in one place after installation.
WpfEnvironment.Action.Refresh.Name	다시 점검	Check again
WpfEnvironment.Action.Refresh.Automation	환경 다시 점검	Check environment again
WpfEnvironment.Action.Refresh.ToolTip	파일과 경로만 다시 확인합니다. 설치, 학습, 추론은 실행하지 않습니다.	Recheck files and paths only. This does not install, train, or run inference.
WpfEnvironment.Action.ModelSettings.Name	모델 실행기 설정	Model runtime settings
WpfEnvironment.Action.ModelSettings.Automation	모델 실행기 설정 열기	Open model runtime settings
WpfEnvironment.Action.ModelSettings.ToolTip	모델 센터에서 Python 경로와 패키지 설치 계획을 확인합니다.	Review the Python path and package installation plan in Model Runtime Center.
WpfEnvironment.Action.Close.Name	닫기	Close
WpfEnvironment.Action.Close.Automation	환경 설정 센터 닫기	Close Environment Setup Center
WpfEnvironment.Action.Close.ToolTip	환경 설정 센터 닫기	Close Environment Setup Center
WpfEnvironment.Summary.Ready	준비됨	Ready
WpfEnvironment.Summary.Required	필수 조치	Required actions
WpfEnvironment.Summary.Optional	선택/권장	Optional / recommended
WpfEnvironment.Footer.InstallOrder	설치 순서	Installation order
WpfEnvironment.Footer.SafetyBoundary	안전 경계	Safety boundary
WpfEnvironment.InstallGuide	1. Python이 없으면 Python 3.11 x64를 설치하고 전용 venv의 Scripts\python.exe를 연결합니다.\n2. 모델 실행기 설정에서 YOLOv8/YOLO11, U-Net 또는 PatchCore 프로필을 선택합니다.\n3. 표시된 대상 venv와 설치 명령을 확인한 뒤 설치 버튼을 직접 누릅니다.\n4. 다시 점검한 뒤 학습 또는 현재 검사를 명시적으로 실행합니다.	1. Install Python 3.11 x64 and connect the dedicated venv Scripts\python.exe when Python is unavailable.\n2. Select a YOLOv8/YOLO11, U-Net, or PatchCore profile in Model Runtime Settings.\n3. Review the displayed target venv and install command, then click Install yourself.\n4. Check again, then explicitly start training or the current inspection.
WpfEnvironment.SafetyBoundary	이 화면을 열거나 새로고침해도 설치·제거·학습·추론·모델 적용·설정 저장은 실행되지 않습니다. GPU 드라이버와 CUDA는 하드웨어·버전·재부팅 영향이 있어 자동 설치하지 않습니다.	Opening or refreshing this screen does not install, remove, train, run inference, apply a model, or save settings. GPU drivers and CUDA are not installed automatically because hardware, version, and restart requirements vary.
WpfEnvironment.SelectedRuntime	선택된 모델 실행기: {0}	Selected model runtime: {0}
WpfEnvironment.LastChecked	마지막 확인: {0}	Last checked: {0}
WpfEnvironment.Overall.Required	설정이 필요한 필수 항목 {0}개	{0} required item(s) need attention
WpfEnvironment.Overall.Optional	필수 환경 준비됨 · 선택 항목 확인 가능	Required environment ready · optional items can be reviewed
WpfEnvironment.Overall.Ready	환경 준비 완료	Environment ready
WpfEnvironment.Overall.Detail.Required	아래의 다음 조치를 순서대로 확인하세요. 점검 중 설치나 모델 실행은 시작하지 않았습니다.	Review the next actions below in order. The check did not start installation or model execution.
WpfEnvironment.Overall.Detail.Ready	현재 필수 항목은 준비되어 있습니다. 필요한 모델 기능만 선택해 설정할 수 있습니다.	All required items are ready. Configure only the model features you need.
WpfEnvironment.Overall.Failed	환경 목록 생성 실패	Failed to build the environment list
WpfEnvironment.Category.Application	앱 기본 환경	Application environment
WpfEnvironment.Category.ModelRuntime	모델 실행 유틸리티	Model runtime utility
WpfEnvironment.Category.Optional	선택 유틸리티	Optional utility
WpfEnvironment.Requirement.Recommended	권장	Recommended
WpfEnvironment.Requirement.Required	필수	Required
WpfEnvironment.Requirement.WhenFeatureUsed	기능 사용 시	When the feature is used
WpfEnvironment.Requirement.Optional	선택	Optional
WpfEnvironment.Status.Ready	준비됨	Ready
WpfEnvironment.Status.ReviewNeeded	확인 필요	Review needed
WpfEnvironment.Status.ActionNeeded	조치 필요	Action needed
WpfEnvironment.Status.SetupNeeded	설정 필요	Setup needed
WpfEnvironment.Status.OptionalCheck	필요할 때 확인	Check when needed
WpfEnvironment.Status.RecoveryNeeded	복구 필요	Recovery needed
WpfEnvironment.NextAction.None	추가 조치 없음	No further action
WpfEnvironment.NextAction.GpuCuda	GPU 사용이 필요하면 모델 실행기 설정과 그래픽 진단 결과를 확인한 뒤 제조사 드라이버를 별도로 설치하세요.	If GPU use is needed, review the model runtime settings and graphics diagnostics, then install the vendor driver separately.
WpfEnvironment.NextAction.YoloV5Files	완전한 YOLOv5 저장소를 복구하거나 다른 준비된 모델 프로필을 선택하세요.	Restore a complete YOLOv5 repository or select another prepared model profile.
WpfEnvironment.NextAction.ProductFiles	검증된 설치/휴대형 패키지로 제품 파일을 복구하세요.	Restore product files from a verified installed or portable package.
WpfEnvironment.NextAction.ReleaseManifest	배포 폴더의 release-manifest.json과 원본 패키지를 다시 확인하세요.	Recheck release-manifest.json and the source package in the distribution folder.
WpfEnvironment.NextAction.UserPaths	사용자 저장 경로의 권한과 남은 디스크 공간을 확인하세요.	Check permissions and remaining disk space for user storage paths.
WpfEnvironment.NextAction.ViewerGraphics	그래픽 드라이버와 지원 GPU 환경을 확인한 뒤 앱에서 다시 점검하세요.	Check the graphics driver and supported GPU environment, then run the check again in the app.
WpfEnvironment.NextAction.Generic	지원 자료를 만든 뒤 설치 파일과 환경을 다시 확인하세요.	Create support material, then check the installation files and environment again.
WpfEnvironment.NextAction.Python	Python 3.11 x64 설치 후 전용 venv의 Scripts\python.exe를 모델 실행기 설정에서 연결하세요.	Install Python 3.11 x64, then connect the dedicated venv Scripts\python.exe in Model Runtime Settings.
WpfEnvironment.NextAction.RuntimePackage	모델 실행기 설정에서 대상 venv와 명령을 확인한 뒤 설치 버튼을 직접 누르세요.	Review the target venv and command in Model Runtime Settings, then click Install manually.
WpfEnvironment.NextAction.InspectionModel	학습 결과를 검사 모델로 저장하거나 사용할 .pt/.onnx 파일을 선택하세요.	Save the training result as the inspection model or select a .pt/.onnx file to use.
WpfEnvironment.NextAction.Image	검사할 이미지 폴더를 선택하세요. 라벨링만 할 때는 나중에 설정할 수 있습니다.	Select the image folder to inspect. You can configure it later when only labeling.
WpfEnvironment.NextAction.RuntimeGeneric	모델 실행기 설정에서 경로와 선택 프로필을 확인하세요.	Review the paths and selected profile in Model Runtime Settings.
WpfEnvironment.Name.ProductVersion	제품 버전	Product version
WpfEnvironment.Name.ProductFiles	제품 필수 파일	Required product files
WpfEnvironment.Name.Executable	실행 파일	Executable
WpfEnvironment.Name.ReleaseIntegrity	배포 파일 무결성	Release file integrity
WpfEnvironment.Name.DiagnosticsPath	진단 저장 경로	Diagnostics storage path
WpfEnvironment.Name.SupportBundlePath	지원 자료 저장 경로	Support bundle storage path
WpfEnvironment.Name.LogIsolation	로그 경로 분리	Log path isolation
WpfEnvironment.Name.ViewerGraphics	이미지 뷰어 그래픽	Image viewer graphics
WpfEnvironment.Name.GpuCuda	GPU 가속 드라이버 / CUDA	GPU acceleration driver / CUDA
WpfEnvironment.Name.YoloV5Files	YOLOv5 실행 파일 묶음	YOLOv5 executable set
WpfEnvironment.Name.InspectionModel	검사 모델	Inspection model
WpfEnvironment.Name.Images	이미지	Images
WpfEnvironment.Detail.GpuCuda	CPU 실행은 가능하며 GPU 학습·추론을 사용할 때만 호환 드라이버와 PyTorch CUDA 조합이 필요합니다.	CPU execution is available; compatible drivers and a PyTorch CUDA combination are needed only for GPU training or inference.
WpfEnvironment.Detail.YoloV5FilesReady	hubconf.py, train.py, detect.py, models/common.py 확인	Checked hubconf.py, train.py, detect.py, and models/common.py
WpfEnvironment.Detail.YoloV5FilesMissing	누락: {0}	Missing: {0}
WpfEnvironment.Engine.Unconfigured	미설정	Not configured
WpfEnvironment.Detail.ProductDllFound	제품 DLL 확인	Product DLL found
WpfEnvironment.Detail.ProductDllMissing	제품 DLL 없음	Product DLL missing
WpfEnvironment.Detail.ExecutableFound	배포 실행 파일 확인	Deployed executable found
WpfEnvironment.Detail.ExecutableMissing	개발/테스트 호스트: 배포 EXE 없음	Development/test host: deployed EXE is missing
WpfEnvironment.Detail.ReleaseManifestMissing	개발/테스트 실행: release-manifest.json 없음	Development/test run: release-manifest.json is missing
WpfEnvironment.Detail.PathExistsReadOnly	경로 존재 확인 · 읽기 전용 CLI에서는 쓰기 프로브 생략	Path exists · the read-only CLI skips the write probe
WpfEnvironment.Detail.PathMissingReadOnly	경로 없음 · 읽기 전용 CLI에서는 생성하지 않음	Path missing · the read-only CLI does not create it
WpfEnvironment.Detail.LogIsolated	로그가 사용자 쓰기 경로에 분리됨	Logs are isolated in a user-writable path
WpfEnvironment.Detail.LogInsideApplication	로그 경로가 설치/실행 폴더 내부임	Logs are inside the install/run folder
WpfEnvironment.Detail.ViewerGraphicsNotConnected	이미지 뷰어 그래픽 점검이 현재 실행 표면에 연결되지 않았습니다.	Image viewer graphics checking is not connected to the current execution surface.
WpfEnvironment.Detail.ViewerGraphicsNoResult	이미지 뷰어 그래픽 점검 결과가 없습니다.	Image viewer graphics check returned no result.
WpfEnvironment.Name.Project	프로젝트	Project
WpfEnvironment.Name.ModelRoot	모델 루트	Model root
WpfEnvironment.Name.ExecutionScript	실행 스크립트	Execution script
WpfEnvironment.Name.ExecutionConnection	실행 연결	Execution connection
WpfEnvironment.Detail.RuntimePathMissing	경로 미설정 / {0}	Path not configured / {0}
WpfEnvironment.Detail.RuntimePathNotFound	찾을 수 없음: {0} / 경로를 다시 선택하세요.	Not found: {0} / Select the path again.
WpfEnvironment.Detail.UltralyticsVenvMissing	venv Python 경로를 연결하면 ultralytics 패키지를 확인합니다.	Connect the venv Python path to check the ultralytics package.
WpfEnvironment.Detail.UltralyticsPackageMissing	ultralytics 패키지 없음: {0} / 설치 실행 버튼으로 설치한 뒤 다시 점검하세요.	Ultralytics package missing: {0} / Install it with the Install button, then check again.
WpfEnvironment.Detail.PyTorchPackageMissing	torch, torchvision, numpy 또는 Pillow가 없습니다: {0}	torch, torchvision, numpy, or Pillow is missing: {0}
WpfEnvironment.Detail.PatchCoreVenvMissing	PatchCore는 torch, torchvision, numpy, Pillow가 설치된 Python이 필요합니다.	PatchCore requires Python with torch, torchvision, numpy, and Pillow installed.
WpfEnvironment.Detail.YoloV5ExecutionReady	YOLOv5 TCP worker로 학습과 현재 검사를 실행합니다.	Training and the current inspection run through the YOLOv5 TCP worker.
WpfEnvironment.Detail.RuntimeExecutionMissing	선택한 모델 실행기 연결을 확인하세요.	Review the selected model runtime connection.
WpfEnvironment.Detail.RuntimeExecutionBlocked	모델 실행과 검사는 선택한 실행기 준비 전까지 차단됩니다.	Model execution and inspection remain blocked until the selected runtime is ready.
WpfDatasetHealth.Title	데이터셋 상태 분석	Dataset health analysis
WpfDatasetHealth.Refresh.Automation	데이터셋 상태 분석 새로고침	Refresh dataset health analysis
WpfDatasetHealth.Refresh.ToolTip	현재 Recipe 저장 데이터를 다시 읽습니다. 라벨이나 분할은 변경하지 않습니다.	Read the current Recipe's saved data again. Labels and splits are not changed.
WpfDatasetHealth.Refresh.Name	새로고침	Refresh
WpfDatasetHealth.Tab.Overview	개요	Overview
WpfDatasetHealth.Tab.SplitLabels	분할 / 라벨	Splits / labels
WpfDatasetHealth.Tab.VisualQa	시각 QA	Visual QA
WpfDatasetHealth.Tab.Classes	클래스 분포	Class distribution
WpfDatasetHealth.Label.CheckItems	확인 항목	Checks
WpfDatasetHealth.Label.ModelEvidence	모델 채택 근거	Model adoption evidence
WpfDatasetHealth.Label.SplitStorage	분할별 저장 상태	Saved state by split
WpfDatasetHealth.Label.AnomalyReview	정상 / 이상 검토와 학습 분할	Normal / abnormal review and training split
WpfDatasetHealth.Label.Images	이미지	Images
WpfDatasetHealth.Label.PrimaryLabel	주 라벨	Primary label
WpfDatasetHealth.Label.Classes	클래스	Classes
WpfDatasetHealth.Label.Ratio	비율	Ratio
WpfDatasetHealth.Label.Status	상태	Status
WpfDatasetHealth.Label.Detail	세부	Details
WpfDatasetHealth.Label.PrimaryClassDistribution	주 라벨 기준 클래스 분포	Class distribution by primary label
WpfDatasetHealth.Label.PrimaryLabelCount	주 라벨 수	Primary label count
WpfDatasetHealth.Label.Decision	판정	Decision
WpfDatasetHealth.Label.VisualQaImages	이미지별 저장 라벨 확인	Review saved labels by image
WpfDatasetHealth.Label.ReadOnly	읽기 전용 · 수정은 기존 라벨링 편집기에서 수행합니다.	Read-only · make changes in the existing labeling editor.
WpfDatasetHealth.Label.OpenInEditor	편집기에서 열기	Open in editor
WpfDatasetHealth.Label.OpenInEditorAutomation	선택 이미지를 기존 라벨링 편집기에서 열기	Open the selected image in the existing labeling editor
WpfDatasetHealth.Label.OpenInEditorToolTip	Dataset Health를 닫고 선택 이미지를 기존 라벨링 작업 화면에서 엽니다.	Close Dataset Health and open the selected image in the existing labeling workspace.
WpfDatasetHealth.Label.VisualQaPreview	선택 이미지와 저장 라벨 오버레이 미리보기	Preview the selected image with saved-label overlay
WpfDatasetHealth.Label.NoSavedImages	표시할 저장 이미지가 없습니다.	There are no saved images to display.
WpfDatasetHealth.Label.ProblemOnly	문제만	Problems only
WpfDatasetHealth.Label.ProblemImagesOnly	문제 이미지만 표시	Show problem images only
WpfDatasetHealth.Label.Split	분할	Split
WpfDatasetHealth.Filter.ClassAutomation	시각 QA 클래스 필터	Visual QA class filter
WpfDatasetHealth.Filter.ClassToolTip	현재 Recipe의 실제 클래스 중 하나를 선택해 해당 저장 객체가 있는 이미지만 읽기 전용으로 다시 읽습니다.	Select a real class in the current Recipe to reread only images with saved objects for that class.
WpfDatasetHealth.Filter.SplitAutomation	시각 QA 데이터 분할 필터	Visual QA data split filter
WpfDatasetHealth.Filter.SplitToolTip	현재 목록에 실제로 있는 train, valid, test 분할로 읽기 전용 검토 범위를 좁힙니다.	Narrow the read-only review scope to train, valid, or test splits that exist in the current list.
WpfDatasetHealth.Filter.ProblemToolTip	선택한 분할 안에서 라벨 누락, 손상 또는 미검토 이미지로 목록을 좁힙니다.	Narrow the list to images with missing labels, corruption, or an unreviewed state in the selected split.
WpfDatasetHealth.Label.TrainingExportNote	분류용 데이터 내보내기는 학습 시작 시점에 수행되며, 이 창은 원본 이미지의 검토 상태를 기준으로 표시합니다.	Classification data is exported when training starts; this window reflects the review state of the source images.
WpfDatasetHealth.Label.EvidenceWarning	이 화면의 점검 결과가 정상이어도 모델 정확도·TaktTime·현장 대표성을 대신하지 않습니다.	A healthy result here does not replace model accuracy, TaktTime, or field representativeness.
WpfDatasetHealth.Label.NoStructuralIssues	저장된 데이터에서 추가 확인이 필요한 구조적 문제는 없습니다.	No structural issues requiring additional checks were found in the saved data.
WpfDatasetHealth.DatasetNotSelected	데이터셋 미선택	No dataset selected
WpfDatasetHealth.PurposeUnknown	목적 미확인	Purpose unknown
WpfDatasetHealth.OutputRootPrompt	저장 폴더를 확인하세요.	Review the saved-data folder.
WpfDatasetHealth.Status.Waiting	저장 데이터 분석 대기	Waiting to analyze saved data
WpfDatasetHealth.Status.Detail	분할, 라벨 품질, 클래스 분포를 읽기 전용으로 확인합니다.	Review splits, label quality, and class distribution in read-only mode.
WpfDatasetHealth.Status.AnalysisFailed	저장 데이터 분석 실패	Saved-data analysis failed
WpfDatasetHealth.Status.Ready	학습 입력 구조: 준비됨	Training input structure: ready
WpfDatasetHealth.Status.NeedsAttention	학습 입력 구조: 확인 필요	Training input structure: needs review
WpfDatasetHealth.Status.Detail.Ready	저장된 분할과 주 라벨을 읽어 현재 상태를 정리했습니다.	The current state was summarized from saved splits and primary labels.
WpfDatasetHealth.GeneratedAt	갱신 {0}	Updated {0}
WpfDatasetHealth.Scope	분석 범위: 현재 Recipe 저장 데이터입니다. 외부 YOLO data.yaml은 별도 입력이며 이 화면의 집계에 포함하지 않습니다.	Analysis scope: saved data in the current Recipe. External YOLO data.yaml is a separate input and is not included in this view's counts.
WpfDatasetHealth.EvidenceBoundary	이 화면은 데이터 구조와 라벨 상태를 점검합니다. 모델 채택에는 독립 held-out 데이터와 같은 조건의 모델 비교가 추가로 필요합니다.	This view checks data structure and label state. Model adoption also requires independent held-out data and a like-for-like model comparison.
WpfDatasetHealth.AnomalyDetail	학습 분할 포함: 정상 {0}장 / 이상 {1}장. 원본 검토 상태와 학습 분할은 별도로 확인합니다.	Training split: normal {0} / abnormal {1}. Source review state and training split are shown separately.
WpfDatasetHealth.Metric.StoredImages	저장 이미지	Saved images
WpfDatasetHealth.Metric.StoredImagesDetail	학습 / 검증 / 최종 검증 분할	Training / validation / final-validation splits
WpfDatasetHealth.Metric.PrimaryLabel	주 라벨	Primary label
WpfDatasetHealth.Metric.YoloObjects	YOLO 박스 객체	YOLO box objects
WpfDatasetHealth.Metric.Segments	세그먼트 객체 또는 저장된 마스크	Segment objects or saved masks
WpfDatasetHealth.Metric.LabelQuality	라벨 품질	Label quality
WpfDatasetHealth.Metric.MissingLabels	누락 라벨과 잘못된 라벨 줄	Missing labels and invalid label lines
WpfDatasetHealth.Metric.SegmentationQuality	SEG 누락·손상 annotation 점검	SEG missing/corrupt annotation check
WpfDatasetHealth.Metric.SplitOverlap	분할 중복	Split overlap
WpfDatasetHealth.Metric.SplitOverlapDetail	학습/검증/최종 검증 간 동일 이미지 내용	Duplicate image content across training/validation/final-validation splits
WpfDatasetHealth.Metric.Healthy	정상	Healthy
WpfDatasetHealth.Metric.NotEvaluated	미확인	Not evaluated
WpfDatasetHealth.Metric.None	없음	None
WpfDatasetHealth.Metric.OriginalImages	원본 이미지	Source images
WpfDatasetHealth.Metric.Reviewed	검토 완료	Reviewed
WpfDatasetHealth.Metric.NormalAbnormal	정상 / 이상	Normal / abnormal
WpfDatasetHealth.Metric.Unreviewed	미검토	Unreviewed
WpfDatasetHealth.Metric.SourceImagesDetail	현재 연결된 원본 이미지	Currently connected source images
WpfDatasetHealth.Metric.ReviewedDetail	정상/이상으로 확정된 이미지	Images confirmed as normal or abnormal
WpfDatasetHealth.Metric.NormalAbnormalDetail	분류 학습에 사용하는 두 상태	The two states used for classification training
WpfDatasetHealth.Metric.UnreviewedDetail	학습 전에 정상 또는 이상으로 분류할 이미지	Images to classify as normal or abnormal before training
WpfDatasetHealth.Issue.Empty	저장 데이터 점검 결과를 확인하세요.	Review the saved-data check result.
WpfDatasetHealth.Issue.GenericDefault	데이터셋 점검 결과를 확인하고 필요한 항목을 수정하세요. 자세한 원문은 하단 로그 상세에서 볼 수 있습니다.	Review the dataset check result and correct the required items. See the detailed log below for the original details.
WpfDatasetHealth.Issue.Error	분석 중 오류가 발생했습니다. 저장 폴더와 이미지 파일을 확인하세요.	An error occurred during analysis. Check the saved-data folder and image files.
WpfDatasetHealth.Issue.TestSplitEmpty	최종 검증 분할이 비어 있습니다. 모델 비교 전 독립 이미지를 확보하세요.	The final-validation split is empty. Secure independent images before comparing models.
WpfDatasetHealth.Issue.DuplicateImages	학습/검증/최종 검증 분할에 같은 이미지 내용이 있습니다. 분할을 다시 확인하세요.	The training, validation, and final-validation splits contain duplicate image content. Review the splits.
WpfDatasetHealth.Issue.ClassBalance	클래스별 라벨 수 차이가 큽니다. 적은 클래스 표본을 추가하세요.	Label counts vary substantially by class. Add samples for the smaller classes.
WpfDatasetHealth.Issue.SmallClass	클래스 표본 수가 적습니다. 학습 결과를 신뢰하기 전에 라벨 이미지를 추가하세요.	A class has few samples. Add labeled images before trusting training results.
WpfDatasetHealth.Issue.Unreviewed	미검토 이미지가 있습니다. 정상 또는 이상 상태를 저장한 뒤 학습하세요.	There are unreviewed images. Save their normal or abnormal state before training.
WpfDatasetHealth.Issue.Additional	추가 확인 항목 {0}개가 있습니다. 상세 라벨 점검 또는 품질 보고서를 사용하세요.	There are {0} additional checks. Use detailed label checks or the quality report.
WpfDatasetHealth.Split.Train	학습	Training
WpfDatasetHealth.Split.Valid	검증	Validation
WpfDatasetHealth.Split.Test	최종 검증	Final validation
WpfDatasetHealth.Split.Unknown	미확인	Unknown
WpfDatasetHealth.Split.Segments	세그먼트/마스크 {0}	Segments/masks {0}
WpfDatasetHealth.Split.Objects	객체 {0}	Objects {0}
WpfDatasetHealth.Split.CoverageSeg	세그먼트 파일 {0} / 마스크 {1} / 누락 {2} / 손상 {3}	Segment files {0} / masks {1} / missing {2} / invalid {3}
WpfDatasetHealth.Split.CoverageBox	누락 {0} / invalid {1}	Missing {0} / invalid {1}
WpfDatasetHealth.Split.DetailSeg	보조 box 라벨 파일 {0} / 빈 정상 {1}	Auxiliary box label files {0} / empty normal {1}
WpfDatasetHealth.Split.DetailBox	라벨 파일 {0} / 빈 정상 {1}	Label files {0} / empty normal {1}
WpfDatasetHealth.Class.NeedsLabel	라벨 필요	Label needed
WpfDatasetHealth.Class.Reviewed	검토 완료	Reviewed
WpfDatasetHealth.Class.AddSamples	표본 추가 권장	Add samples
WpfDatasetHealth.Class.Checked	확인	Checked
WpfDatasetHealth.VisualQa.NotLoaded	시각 QA 탭을 열면 저장 라벨 문제와 표본을 읽습니다.	Open the Visual QA tab to read saved-label problems and samples.
WpfDatasetHealth.VisualQa.SavedImages	저장된 이미지를 점검하면 문제 후보와 표본이 표시됩니다.	Problem candidates and samples appear after saved images are checked.
WpfDatasetHealth.VisualQa.CatalogFailure	시각 QA 목록 생성 실패: {0}	Failed to build the Visual QA list: {0}
WpfDatasetHealth.VisualQa.CatalogSummary	검사 {0}장 · 문제 {1}장 · 표본 포함 {2}장{3}	Checked {0} · problems {1} · samples included {2}{3}
WpfDatasetHealth.VisualQa.ClassSummary	검사 {0}장 · 클래스 일치 {1}장 · 문제 {2}장 · 목록 {3}장{4}	Checked {0} · class matches {1} · problems {2} · listed {3}{4}
WpfDatasetHealth.VisualQa.Truncated	 · 최대 {0}개 표시	 · showing up to {0}
WpfDatasetHealth.VisualQa.VisibleSummary	{0} · 표시 {1}장 · {2}{3}{4}	{0} · showing {1} · {2}{3}{4}
WpfDatasetHealth.VisualQa.AllSplits	전체	All
WpfDatasetHealth.VisualQa.AllClasses	전체	All
WpfDatasetHealth.VisualQa.AllSplitLabel	전체 분할	All splits
WpfDatasetHealth.VisualQa.SplitLabel	{0} 분할	{0} split
WpfDatasetHealth.VisualQa.ClassLabel	클래스 {0}	Class {0}
WpfDatasetHealth.VisualQa.ProblemsOnlySuffix	 · 문제만	 · problems only
WpfDatasetHealth.VisualQa.LabelMissing	라벨 누락	Label missing
WpfDatasetHealth.VisualQa.LabelError	라벨 오류	Label error
WpfDatasetHealth.VisualQa.EmptyLabelReview	빈 라벨 검토	Review empty label
WpfDatasetHealth.VisualQa.SavedLabelSample	저장 라벨 표본	Saved-label sample
WpfDatasetHealth.VisualQa.MissingAnnotation	이미지와 짝이 되는 저장 annotation이 없습니다.	No saved annotation matches this image.
WpfDatasetHealth.VisualQa.InvalidLines	해석할 수 없는 라벨 {0}줄	{0} label line(s) could not be parsed.
WpfDatasetHealth.VisualQa.EmptyLabelHint	배경 이미지로 의도한 빈 라벨인지 확인하세요.	Confirm whether the empty label is intentional for a background image.
WpfDatasetHealth.VisualQa.ReadOnlyGeometry	저장된 geometry를 읽기 전용으로 확인합니다.	Review the saved geometry in read-only mode.
WpfDatasetHealth.VisualQa.ObjectCount	객체 {0}	Objects {0}
WpfDatasetHealth.VisualQa.NoObjects	객체 없음	No objects
WpfDatasetHealth.VisualQa.ReviewedSample	저장된 이미지 판정 표본입니다.	This is a saved image decision sample.
WpfDatasetHealth.VisualQa.ReviewBeforeTraining	학습 전에 정상 또는 이상으로 판정하세요.	Class the image as normal or abnormal before training.
WpfDatasetHealth.Static.TrainingExportNote	분류용 데이터 내보내기는 학습 시작 시점에 수행되며, 이 창은 원본 이미지의 검토 상태를 기준으로 표시합니다.	Classification data is exported when training starts; this window reflects the review state of the source images.
WpfDatasetHealth.Static.ReadOnly	읽기 전용 · 수정은 기존 라벨링 편집기에서 수행합니다.	Read-only · make changes in the existing labeling editor.
WpfDatasetHealth.Static.EvidenceWarning	이 화면의 점검 결과가 정상이어도 모델 정확도·TaktTime·현장 대표성을 대신하지 않습니다.	A healthy result here does not replace model accuracy, TaktTime, or field representativeness.
WpfDatasetHealth.Static.NoStructuralIssues	저장된 데이터에서 추가 확인이 필요한 구조적 문제는 없습니다.	No structural issues requiring additional checks were found in the saved data.
WpfDatasetInterchange.Title	데이터셋 변환 사전검사	Dataset interchange preflight
WpfDatasetInterchange.Description	Dry-run은 임시 격리 공간에서만 실행되며, 적용을 누르기 전에는 실제 대상을 변경하지 않습니다.	Dry-run runs only in an isolated temporary space and does not change the real target before Apply is pressed.
WpfDatasetInterchange.Section.Contract	1. 변환 계약	1. Conversion contract
WpfDatasetInterchange.Section.BlockedFindings	2. 차단 및 주의 항목	2. Blocking and warning items
WpfDatasetInterchange.Label.FormatDirection	형식 및 방향	Format and direction
WpfDatasetInterchange.Label.SourcePath	변환 원본 경로	Conversion source path
WpfDatasetInterchange.Label.SourceSelect	변환 원본 선택	Select conversion source
WpfDatasetInterchange.Label.SourceImages	원본 이미지 폴더	Source image folder
WpfDatasetInterchange.Label.SourceImagesSelect	원본 이미지 폴더 선택	Select source image folder
WpfDatasetInterchange.Label.TargetPath	변환 대상 경로	Conversion target path
WpfDatasetInterchange.Label.TargetSelect	변환 대상 선택	Select conversion target
WpfDatasetInterchange.Label.ImportSplit	가져오기 분할	Import split
WpfDatasetInterchange.Label.ImportSplitTarget	가져오기 대상 분할	Import target split
WpfDatasetInterchange.Label.Guarantees	적용 전 보장	Guarantees before Apply
WpfDatasetInterchange.Guarantees.Detail	원본 해시, 요청 대상 미변경, 건너뜀 레코드, 형식 손실 경고를 확인합니다.	Review the source hash, unchanged requested target, skipped records, and format-loss warnings.
WpfDatasetInterchange.Label.PreflightResult	변환 사전검사 결과	Interchange preflight result
WpfDatasetInterchange.Label.Category	구분	Category
WpfDatasetInterchange.Label.Detail	상세	Details
WpfDatasetInterchange.ApplyBoundary	사전검사 결과와 입력이 일치할 때만 적용이 활성화됩니다.	Apply is enabled only when the preflight result matches the inputs.
WpfDatasetInterchange.Action.DryRunAutomation	Dry-run 사전검사	Run Dry-run preflight
WpfDatasetInterchange.Action.DryRun	Dry-run	Dry-run
WpfDatasetInterchange.Action.ApplyAutomation	변환 적용	Apply conversion
WpfDatasetInterchange.Action.Apply	적용	Apply
WpfDatasetInterchange.Button.Select	선택	Select
WpfDatasetInterchange.Direction.Import	가져오기	Import
WpfDatasetInterchange.Direction.Export	내보내기	Export
WpfDatasetInterchange.SourceLabel.CurrentDataset	현재 데이터셋	Current dataset
WpfDatasetInterchange.SourceLabel.ExternalAnnotation	외부 어노테이션	External annotation
WpfDatasetInterchange.TargetLabel.Import	가져오기 대상	Import target
WpfDatasetInterchange.TargetLabel.Export	내보내기 대상	Export target
WpfDatasetInterchange.Operation.ContractPrompt	형식을 선택하세요.	Select a format.
WpfDatasetInterchange.Operation.ImportContract	원본은 읽기 전용으로 유지되며 현재 데이터셋에 적용됩니다.	The source remains read-only and is applied to the current dataset.
WpfDatasetInterchange.Operation.ExportContract	현재 데이터셋은 읽기 전용으로 유지됩니다.	The current dataset remains read-only.
WpfDatasetInterchange.Operation.Contract	{0} · {1} · {2}	{0} · {1} · {2}
WpfDatasetInterchange.Status.Waiting	사전검사 대기	Waiting for preflight
WpfDatasetInterchange.Status.Detail	경로나 형식이 바뀌면 Dry-run을 다시 실행해야 합니다.	Run Dry-run again when a path or format changes.
WpfDatasetInterchange.Metric.Empty	이미지 - · 어노테이션 - · 클래스 -	Images - · annotations - · classes -
WpfDatasetInterchange.Metric.Counts	이미지 {0} · 어노테이션 {1} · 클래스 {2}	Images {0} · annotations {1} · classes {2}
WpfDatasetInterchange.Integrity.SourceUnknown	원본 무결성: 미확인	Source integrity: unknown
WpfDatasetInterchange.Integrity.SourceKept	원본 무결성: 유지 · {0}	Source integrity: unchanged · {0}
WpfDatasetInterchange.Integrity.SourceChanged	원본 무결성: 변경 감지	Source integrity: changed
WpfDatasetInterchange.Integrity.TargetUnknown	요청 대상: 미확인	Requested target: unknown
WpfDatasetInterchange.Integrity.TargetDryRunKept	요청 대상: Dry-run 중 변경 없음	Requested target: unchanged during Dry-run
WpfDatasetInterchange.Integrity.TargetChanged	요청 대상: 변경 감지	Requested target: changed
WpfDatasetInterchange.Integrity.TargetApplied	요청 대상: 적용 완료	Requested target: applied
WpfDatasetInterchange.Status.DryRunBlocked	Dry-run 차단	Dry-run blocked
WpfDatasetInterchange.Status.ApplyFailed	적용 실패	Apply failed
WpfDatasetInterchange.Status.Applied	변환 적용 완료	Conversion applied
WpfDatasetInterchange.Status.Ready	적용 가능	Ready to apply
WpfDatasetInterchange.Status.ReadyWithWarnings	주의사항 확인 후 적용 가능	Ready to apply after reviewing warnings
WpfDatasetInterchange.Status.LossConfirmationRequired	손실 확인 후 적용 가능	Confirm format-loss warnings before applying
WpfDatasetInterchange.LossWarning.Confirm	보존되지 않거나 변환되는 annotation 의미를 확인했으며 이 형식으로 내보내겠습니다.	I reviewed the annotation meanings that will be lost or transformed and will export in this format.
WpfDatasetInterchange.LossWarning.Manifest	손실 manifest: {0}	Loss manifest: {0}
WpfDatasetInterchange.IssueSeverity.Blocking	차단	Blocking
WpfDatasetInterchange.IssueSeverity.Warning	주의	Warning
Pipeline.OverlayLabel	라벨	Label
Pipeline.OverlayPoints	포인트	Points
Pipeline.PreviewMode.Summary	요약	Summary
Pipeline.PreviewMode.Input	입력	Input
Pipeline.PreviewMode.Output	출력	Output
Pipeline.PreviewMode.Overlay	오버레이	Overlay
Pipeline.OverlayLabelMode.None	없음	None
Pipeline.OverlayLabelMode.Number	번호	No
Pipeline.OverlayLabelMode.Details	상세	Details
Pipeline.ResultGrid.Item	항목	Item
Pipeline.ResultGrid.Value	값	Value
Pipeline.State.NeedsPreview	미리보기 필요	Needs Preview
Pipeline.State.NotCreated	생성 안 됨	Not Created
Pipeline.State.RunPreviewRequired	미리보기 실행 필요	Run Preview required.
Pipeline.State.Ready	준비됨	Ready
Pipeline.ResultRow.Status	상태	Status
Pipeline.ResultRow.Decision	판정	Decision
Pipeline.ResultRow.Result	결과	Result
Pipeline.ResultRow.Viewing	현재 보기	Viewing
Pipeline.ResultRow.Elapsed	소요 시간	Elapsed
Pipeline.ResultRow.Toolerror	Tool 오류	Tool error
Pipeline.ResultRow.Resultstatus	Result 상태	Result status
Pipeline.ResultRow.Flow	흐름	Flow
Pipeline.ResultRow.Inputimage	입력 이미지	Input image
Pipeline.ResultRow.Outputimage	출력 이미지	Output image
Pipeline.ResultRow.Inputsource	입력 출처	Input source
Pipeline.ResultRow.Outputresult	출력 결과	Output result
Pipeline.ResultRow.Acceptance	판정 조건	Acceptance
Pipeline.ResultRow.Nextaction	다음 동작	Next action
Pipeline.ResultRow.Tool	Tool	Tool
Pipeline.ResultRow.Parameters	파라미터	Parameters
Pipeline.ResultRow.Reason	사유	Reason
Pipeline.ResultRow.Message	메시지	Message
Pipeline.ResultRow.Template	템플릿	Template
Pipeline.ResultRow.Detectedcrop	검출 Crop	Detected crop
Pipeline.ResultRow.Matchcenter	매칭 중심	Match center
Pipeline.ResultRow.Overlaysteps	Overlay Step	Overlay steps
Pipeline.ResultRow.Overlays	Overlay	Overlays
Pipeline.ResultRow.Cachedsteps	캐시 Step	Cached steps
Pipeline.ResultRow.Publishtarget	반영 대상	Publish target
Pipeline.ResultRow.Sample	샘플	Sample
Pipeline.ResultRow.Check	검증	Check
Pipeline.ResultRow.Actual	실제값	Actual
Pipeline.ResultRow.Expected	기대값	Expected
Pipeline.ResultRow.Recipeflow	Recipe 흐름	Recipe flow
Pipeline.ResultRow.Goal	목표	Goal
Pipeline.ResultRow.Finallayer	최종 레이어	Final layer
Pipeline.ResultRow.Finaloverlays	최종 Overlay	Final overlays
Pipeline.ResultRow.Moremetrics	추가 Metrics	More metrics
Pipeline.ResultRow.Moreboxes	추가 박스	More boxes
Pipeline.ResultRow.Box	Box {0}	Box {0}
Pipeline.ResultAction.Metrics	더블클릭하면 모든 Metrics를 확인합니다.	Double-click to view all metrics.
Pipeline.ResultAction.PreviewInput	클릭하면 이 Step의 입력 이미지를 표시하고, 더블클릭하면 확대 보기로 엽니다.	Click to show this step's input image. Double-click to open it.
Pipeline.ResultAction.PreviewOutput	클릭하면 이 Step의 출력 이미지를 표시하고, 더블클릭하면 확대 보기로 엽니다.	Click to show this step's output image. Double-click to open it.
Pipeline.ResultAction.PreviewOverlay	클릭하면 이 Step의 Overlay 미리보기를 표시하고, 더블클릭하면 확대 보기로 엽니다.	Click to show this step's overlay preview. Double-click to open it.
Pipeline.ResultAction.Overlay	클릭하면 Overlay 미리보기를 표시하고, 더블클릭하면 해당 Overlay를 엽니다.	Click to show overlay preview. Double-click to open this overlay.
Pipeline.ResultAction.Overlays	클릭하면 Overlay 미리보기를 표시하고, 더블클릭하면 확대 보기로 엽니다.	Click to show overlay preview. Double-click to open it.
Pipeline.Decision.ToolError	Tool 오류	Tool Error
Pipeline.Decision.AcceptanceNG	판정 NG	Acceptance NG
Pipeline.Value.ResultOne	결과 {0}개	{0} result
Pipeline.Value.ResultMany	결과 {0}개	{0} results
Pipeline.Value.Score	점수 {0}	Score {0}
Pipeline.Value.Angle	각도 {0}	Angle {0}
Pipeline.Value.Overlays	Overlay {0}개	{0} overlays
Pipeline.Value.Image	이미지 {0}	Image {0}
Pipeline.Value.AcceptanceNgFormat	판정 NG - {0}	Acceptance NG - {0}
Common.OK	확인	OK
Common.Cancel	취소	Cancel
Common.Close	닫기	Close
Common.Alarm	알림	Alarm
PipelineTextPrompt.DefaultTitle	샘플 저장	Save Sample
PipelineTextPrompt.DefaultLabel	샘플 이름	Sample Name
AiRecipe.Prompt.Title	AI Recipe 프롬프트	AI Recipe Prompt
AiRecipe.Prompt.GoalLabel	검사 목표	Inspection Goal
AiRecipe.Prompt.DefaultGoal	검출 대상과 박스, Metrics, OK/NG 기준을 생성합니다.	Detect target objects and return boxes, metrics, and OK/NG criteria.
AiRecipe.PromptPreview.Title	AI Recipe 프롬프트	AI Recipe Prompt
AiRecipe.PromptPreview.Caption	프롬프트를 검토하고 필요 시 수정한 뒤 LLM에 복사하십시오.	Review the prompt, adjust if needed, then copy it for your LLM.
AiRecipe.PromptPreview.Copy	복사	Copy
AiRecipe.PromptPreview.DefaultText	이미지 검사 목표와 기대 출력 레이어를 입력하십시오.	Describe the image inspection goal and expected output layers here.
AiRecipe.OpenXmlDialogTitle	LLM Recipe XML 열기	Open LLM Recipe XML
AiRecipe.LoadPreviewImageDialogTitle	미리보기 이미지 로드	Load Preview Image
AiRecipe.RetryPrompt	재시도 프롬프트	Retry Prompt
AiRecipe.ImageStatus.PreviewImage	미리보기 이미지: Main ({0} x {1})	Preview image: Main ({0} x {1})
AiRecipe.ImageStatus.CurrentLayers	미리보기 소스: 현재 레이어 ({0})	Preview source: current layers ({0})
AiRecipe.Overview.CurrentLayers	현재 레이어: {0}	Current layers: {0}
AiRecipe.Overview.PreviewImage	미리보기 이미지: Main ({0} x {1})	Preview image: Main ({0} x {1})
AiRecipe.Overview.Waiting	상태: Recipe XML 대기	Status: Waiting for recipe XML
AiRecipe.Overview.Use	사용: 붙여넣기/XML 열기 또는 샘플 로드	Use: Paste/Open XML or load Sample.
AiRecipe.Overview.Next	다음: 검증 -> 미리보기 실행 -> AI 피드백 복사	Next: Validate -> Run Preview -> Copy Feedback.
AiRecipe.NextAction.Waiting	다음 작업: Recipe XML을 붙여넣거나 샘플을 열고 검증하십시오.	Next action: Paste/open recipe XML, then validate.
AiRecipe.NextAction.ValidationNg	다음 작업: Safe Fix를 적용하거나 검증 오류를 수정하십시오.	Next action: Apply Safe Fix or edit validation errors.
AiRecipe.NextAction.ValidationOk	다음 작업: 미리보기 실행으로 이미지 검출을 확인하십시오.	Next action: Run Preview and verify detection.
AiRecipe.NextAction.Running	다음 작업: 미리보기 실행 완료를 기다리십시오.	Next action: Wait for Run Preview to finish.
AiRecipe.NextAction.PreviewOk	다음 작업: Pipeline에 적용하거나 AI 피드백으로 추가 튜닝하십시오.	Next action: Apply to Pipeline or tune with AI Feedback.
AiRecipe.NextAction.PreviewNg	다음 작업: Safe Fix/Layer Flow를 적용하거나 AI 피드백을 복사하십시오.	Next action: Apply Safe Fix/Layer Flow or copy AI Feedback.
AiRecipe.Overview.Pipeline	Pipeline: {0}	Pipeline: {0}
AiRecipe.Overview.Status	상태: {0}	Status: {0}
AiRecipe.Overview.Steps	Steps: {0}	Steps: {0}
AiRecipe.Overview.Validation	검증: {0}	Validation: {0}
AiRecipe.Overview.RunPreview	미리보기 실행: {0}	Run Preview: {0}
AiRecipe.Overview.CatalogGate	카탈로그 Gate: {0}	Catalog Gate: {0}
AiRecipe.Overview.AutoFixes	자동 수정: {0}	Auto Fixes: {0}
AiRecipe.Status.Validated	검증됨	Validated
AiRecipe.Flow.Empty	Recipe를 검증하면 Step 체인을 볼 수 있습니다.	Validate a recipe to see the step chain.
AiRecipe.Flow.Expected	예상 흐름:	Expected flow:
AiRecipe.Feedback.Empty1	미리보기를 실행하면 AI 튜닝 피드백이 생성됩니다.	Run Preview creates AI tuning feedback.
AiRecipe.Feedback.Empty2	AI 피드백 복사는 검증, 자동 수정, Metrics, 실패 Step 정보를 클립보드로 보냅니다.	Copy Feedback sends validation, auto-fix, metrics, and failed-step context to the clipboard.
AiRecipe.Feedback.Empty3	미리보기 실행 후에는 최신 실행 피드백이 프롬프트에 포함됩니다.	Prompt will include the latest Run Preview feedback after a preview has run.
AiRecipe.Feedback.Ready	LLM 재시도 준비:	Ready for LLM retry:
AiRecipe.Feedback.Validation	검증 피드백:	Validation feedback:
AiRecipe.Feedback.FullCopied	전체 피드백은 AI 피드백 복사로 복사됩니다.	Full feedback is copied by Copy AI Feedback.
AiRecipe.Patch.Empty1	미리보기를 실행하면 XML 수정 요청이 생성됩니다.	Run Preview creates an XML Patch Request.
AiRecipe.Patch.Empty2	실패 Step을 선택하면 요청 대상이 좁혀집니다.	Select a failed step to focus the request.
AiRecipe.Patch.Empty3	수정 요청 복사는 LLM에게 전체 VisionPipeline XML 반환을 요청합니다.	Copy Patch Request asks the LLM to return a full VisionPipeline XML.
AiRecipe.Patch.Target	XML 수정 요청 대상:	XML Patch Request target:
AiRecipe.Patch.Status	상태: {0}	Status: {0}
AiRecipe.Patch.Flow	흐름: {0} -> {1}	Flow: {0} -> {1}
AiRecipe.Patch.Patch	수정: {0}	Patch: {0}
AiRecipe.Patch.NoSafeFix	Safe Auto Fix: 사용 가능한 항목 없음	Safe Auto Fix: none available.
AiRecipe.Patch.ManualTuning	수동 튜닝 필요: 수정 요청 복사로 선택 Step 또는 직접 의존 Step만 수정하십시오.	Manual tuning needed: use Copy Patch Request and update only the selected Step or its direct layer dependencies.
AiRecipe.Patch.CopyIncludesXml	수정 요청 복사는 현재 Step XML을 포함하고 전체 VisionPipeline XML 반환을 요청합니다.	Copy Patch Request includes the current step XML and asks for a full VisionPipeline XML.
AiRecipe.SafeFixPreview.Title	Safe Auto Fix 미리보기:	Safe Auto Fix Preview:
AiRecipe.SafeFixPreview.TargetPipeline	대상: 검증 / 전체 Pipeline	Target: validation / whole pipeline
AiRecipe.SafeFixPreview.Target	대상: {0}	Target: {0}
AiRecipe.SafeFixPreview.Scope	범위: Step 파라미터, 레이어 흐름, 명시 선택한 판정 제한만 수정합니다.	Scope: Step parameters, layer flow, and explicitly selected acceptance limits only.
PropertyGrid.DisplayName.Acceptance_Metric	판정 지표	Acceptance Metric
PropertyGrid.DisplayName.Algorithm	알고리즘	Algorithm
PropertyGrid.DisplayName.Aperture_size	Aperture 크기	Aperture size
PropertyGrid.DisplayName.Degree_X	X 차수	Degree X
PropertyGrid.DisplayName.Degree_Y	Y 차수	Degree Y
PropertyGrid.DisplayName.High_threshold	High 기준값	High threshold
PropertyGrid.DisplayName.Kernel_size	커널 크기	Kernel size
PropertyGrid.DisplayName.Low_threshold	Low 기준값	Low threshold
PropertyGrid.DisplayName.Max_Elapsed_(ms)	최대 시간(ms)	Max Elapsed (ms)
PropertyGrid.DisplayName.Metric_Max	최대 지표	Metric Max
PropertyGrid.DisplayName.Metric_range	지표 범위	Metric range
PropertyGrid.DisplayName.Required_Message	필수 메시지	Required Message
PropertyGrid.DisplayName.Scale_X_(%)	X 스케일(%)	Scale X (%)
PropertyGrid.DisplayName.Scale_Y_(%)	Y 스케일(%)	Scale Y (%)
PropertyGrid.DisplayName.Step_Name	Step 이름	Step Name
PropertyGrid.DisplayName.Use_Metric_Max	최대 지표 사용	Use Metric Max
PropertyGrid.DisplayName.Use_Metric_Min	최소 지표 사용	Use Metric Min
VisionTest.InputLayer	입력 레이어	Input Layer
VisionTest.OutputLayer	출력 레이어	Output Layer
VisionTest.Run	실행	Run
VisionTest.Details	상세	Details
VisionTest.NoInputImage	입력 이미지 없음	No input image
VisionTest.SelectInputLayer	입력 레이어를 선택하십시오.	Select an input layer.
VisionTest.NoOutputYet	출력 결과 없음	No output yet
VisionTest.RunToolToViewResult	Tool을 실행하면 결과가 표시됩니다.	Run the tool to view the result.
VisionTest.CreateOutputLayer	새 출력 레이어를 생성합니다.	Create Output Layer
VisionTest.Help	도움말	Help
VisionTest.DefaultTitle	검사 Tool	Vision Tool
VisionTest.DefaultStep	Vision Step	Vision Step
VisionTest.Running	실행 중	Running
VisionTest.Completed	실행 완료	Completed
VisionTest.ResultPublished	결과 표시 완료: {0}	Result published: {0}
VisionTest.RunFailedFormat	{0} 실행 실패.\r\n{1}	{0} failed.\r\n{1}
VisionTest.Error.SourceImageNotLoaded	입력 이미지가 로드되지 않았습니다.	Source image is not loaded.
VisionTest.Error.ToolReturnedNoResult	Vision Tool이 결과 객체를 반환하지 않았습니다.	Vision tool returned no result.
VisionTest.Error.ResultImageEmpty	Vision Tool 결과 이미지가 비어 있습니다.	Vision tool result image is empty.
VisionTest.Error.ToolExecutionFailed	Tool 실행에 실패했습니다.	Tool execution failed.
VisionPipelineFormBridge.Title	파이프라인	Pipeline
VisionPipelineFormBridge.AddPipeline	파이프라인 추가	Add Pipeline
VisionPipelineFormBridge.Added	파이프라인에 추가했습니다.\r\nStep: {0}	Added to Pipeline.\r\nStep: {0}
LineForm.Text	라인 / 거리 측정	Line
LineForm.btnResult.Text	상세	Details
LineForm.btnRun.Text	피팅 라인	Fit Line
LineForm.rjButton1.Text	에지 검출	Edge
LineForm.btnVerLineRun.Text	수직선 거리	Vertical Line
LineForm.rdoLeftEdgePara.Text	에지(L)	Edge(L)
LineForm.rdoRightEdgePara.Text	에지(R)	Edge(R)
LineForm.btnResult.ToolTip	검출 상세 결과를 확인합니다.	Show detailed detection results.
LineForm.btnRun.ToolTip	좌/우 에지를 피팅해서 교차 라인을 계산합니다.	Fit left/right edges and calculate the intersection line.
LineForm.rjButton1.ToolTip	선택한 에지 파라미터로 에지 위치를 검출합니다.	Detect the edge with the selected edge parameter.
LineForm.btnVerLineRun.ToolTip	좌/우 에지로 수직 거리 측정 라인을 계산합니다.	Calculate vertical measurement lines from left/right edges.
LineForm.rdoLeftEdgePara.ToolTip	왼쪽 에지 파라미터를 편집합니다.	Edit the left edge parameter.
LineForm.rdoRightEdgePara.ToolTip	오른쪽 에지 파라미터를 편집합니다.	Edit the right edge parameter.
LineForm.Run.FitLine	피팅 라인	Fit Line
LineForm.Run.Edge	에지 검출	Line Edge
LineForm.Run.VerticalLine	수직선 거리	Vertical Line Intersection
MatchingForm.Text	패턴 매칭	Matching
MatchingForm.btnRun.Text	실행	Run
MatchingForm.groupBoxMatchReview.Text	매칭 검토	Match Review
MatchingForm.lblTemplateTitle.Text	매칭 템플릿	Template to Match
MatchingForm.lblDetectedTitle.Text	검출 영역	Detected Crop
MatchingForm.lblMatchSummaryTitle.Text	매칭 결과	Match Result
MatchingForm.RunName	패턴 매칭	Matching
MatchingForm.State.RunToCompare	매칭을 실행하면 비교 결과가 표시됩니다.	Run matching to compare.
MatchingForm.State.TemplateChanged	템플릿이 변경되었습니다.	Template changed.
MatchingForm.State.NoMatch	매칭 결과가 없습니다.	No match.
MatchingForm.Summary.Template	템플릿	Template
MatchingForm.Summary.Crop	검출 영역	Crop
MatchingForm.Summary.Score	점수	Score
MatchingForm.Summary.Center	중심	Center
MatchingForm.Summary.Size	크기	Size
MatchingForm.Summary.Count	개수	Count
MatchingForm.Summary.Overlay	오버레이	Overlay
MatchingForm.Summary.Output	출력	Output
MatchingForm.Summary.State	상태	State
FeatureMatchingForm.Text	특징 매칭	Feature Matching
FeatureMatchingForm.btnRun.Text	실행	Run
FeatureMatchingForm.groupBoxFeatureReview.Text	특징 매칭 검토	Feature Review
FeatureMatchingForm.lblTemplateTitle.Text	특징 템플릿	Feature Template
FeatureMatchingForm.lblDetectedTitle.Text	검출 영역	Detected Crop
FeatureMatchingForm.lblFeatureSummaryTitle.Text	특징 매칭 결과	Feature Result
FeatureMatchingForm.RunName	특징 매칭	Feature Matching
FeatureMatchingForm.State.RunToCompare	특징 매칭을 실행하면 비교 결과가 표시됩니다.	Run feature matching to compare.
FeatureMatchingForm.State.TemplateChanged	템플릿이 변경되었습니다.	Template changed.
FeatureMatchingForm.State.NoMatch	특징 매칭 결과가 없습니다.	No feature match.
FeatureMatchingForm.Summary.Template	템플릿	Template
FeatureMatchingForm.Summary.Crop	검출 영역	Crop
FeatureMatchingForm.Summary.Score	점수	Score
FeatureMatchingForm.Summary.Center	중심	Center
FeatureMatchingForm.Summary.Size	크기	Size
FeatureMatchingForm.Summary.Count	개수	Count
FeatureMatchingForm.Summary.Angle	각도	Angle
FeatureMatchingForm.Summary.Overlay	오버레이	Overlay
FeatureMatchingForm.Summary.Output	출력	Output
FeatureMatchingForm.Summary.State	상태	State
AiRecipe.LayerFlow.RunPreviewFirst	FLOW NG | Preview를 실행하고 Step을 선택한 뒤 Layer Flow를 수정하십시오.	FLOW NG | Run Preview and select a step before editing layer flow.
AiRecipe.LayerFlow.PreviousOutputMissing	FLOW NG | 이전 출력 레이어를 찾을 수 없습니다.	FLOW NG | Previous output layer was not found.
AiRecipe.LayerFlow.InputRequired	FLOW NG | 입력 레이어가 필요합니다.	FLOW NG | Input Layer is required.
AiRecipe.LayerFlow.OutputRequired	FLOW NG | 출력 레이어가 필요합니다.	FLOW NG | Output Layer is required.
AiRecipe.LayerFlow.Applied	FLOW | Step {0:00} {1} | Input {2} -> {3}, Output {4} -> {5}{6}.	FLOW | Step {0:00} {1} | Input {2} -> {3}, Output {4} -> {5}{6}.
AiRecipe.LayerFlow.BranchAllowed	, 분기=허용	, Branch=Allowed
AiRecipe.LayerFlow.RunningPreview	FLOW | 변경된 Layer Flow로 Preview를 실행합니다.	FLOW | Running Preview with the changed layer flow.
AiRecipe.LayerFlow.RerunPreview	FLOW | 변경된 Layer Flow를 확인하려면 Preview를 다시 실행하십시오.	FLOW | Re-run Preview to verify the changed layer flow.
AiRecipe.LayerFlow.ValidationStillHasErrors	FLOW NG | Layer Flow 수정 후에도 검증 오류가 남아 있습니다.	FLOW NG | Validation still has errors after layer flow edit.
RotateScale.Text	회전 / 스케일	Rotate / Scale
RotateScale.RunName	회전 / 스케일	Rotate / Scale
RotateScale.PreviewRunName	회전 / 스케일 미리보기	Rotate / Scale Preview
RotateScale.groupBox3.Text	입력 레이어	Input Layer
RotateScale.groupBox4.Text	출력 레이어	Output Layer
RotateScale.rjLabel4.Text	회전 각도	Rotate
RotateScale.rjLabelScaleX.Text	가로 스케일 (%)	Scale X (%)
RotateScale.rjLabelScaleY.Text	세로 스케일 (%)	Scale Y (%)
RotateScale.rjButton1.Text	회전 / 스케일 실행	Run Rotate / Scale
RotateScale.cbLayerList.ToolTip	변환할 원본 이미지를 선택합니다.	Select the source image to transform.
RotateScale.cbLayerList2.ToolTip	변환 결과를 기록할 레이어를 선택합니다.	Select the layer that receives the transformed image.
RotateScale.btnNewPanel_Desty.ToolTip	새 출력 레이어를 추가합니다.	Add a new output layer.
RotateScale.trbRotate.ToolTip	회전 각도를 조정합니다.	Adjust the rotation angle.
RotateScale.trbScaleX.ToolTip	가로 확대/축소 비율을 조정합니다.	Adjust horizontal scale.
RotateScale.trbScaleY.ToolTip	세로 확대/축소 비율을 조정합니다.	Adjust vertical scale.
RotateScale.Error.InputImageEmpty	입력 이미지가 없습니다.	Input image is empty.
RotateScale.Error.SourceImageEmpty	원본 이미지가 없습니다.	Source image is empty.
PipelineBatch.Text	파이프라인 배치 실행	Pipeline Batch Run
PipelineBatch.sampleSetsLabel.Text	샘플 세트	Sample Sets
PipelineBatch.batchResultsLabel.Text	배치 결과	Batch Results
PipelineBatch.stepPreviewLabel.Text	Step 미리보기	Step Preview
PipelineBatch.batchStatusLabel.Text	대기	Ready
PipelineBatch.btnSelectAll.Text	전체	All
PipelineBatch.btnClear.Text	해제	Clear
PipelineBatch.btnRefresh.Text	새로고침	Refresh
PipelineBatch.btnCancel.Text	취소	Cancel
PipelineBatch.btnRunFailed.Text	실패 재실행	Run Failed
PipelineBatch.btnRunAll.Text	전체 실행	Run All
PipelineBatch.btnRunSelected.Text	선택 실행	Run Checked
PipelineBatch.btnOpenSummary.Text	결과 폴더	Open Summary
PipelineBatch.btnHistory.Text	이력	History
PipelineBatch.resultSampleColumn.HeaderText	샘플	Sample
PipelineBatch.resultStatusColumn.HeaderText	상태	Status
PipelineBatch.resultSuccessColumn.HeaderText	판정	Pass
PipelineBatch.resultElapsedColumn.HeaderText	ms	ms
PipelineBatch.resultFailedStepColumn.HeaderText	실패 Step	Failed Step
PipelineBatch.resultMessageColumn.HeaderText	메시지	Message
PipelineBatch.stepIndexColumn.HeaderText	No	No
PipelineBatch.stepStatusColumn.HeaderText	상태	Status
PipelineBatch.stepAcceptanceColumn.HeaderText	허용	Accept
PipelineBatch.stepNameColumn.HeaderText	이름	Name
PipelineBatch.stepToolColumn.HeaderText	Tool	Tool
PipelineBatch.stepElapsedColumn.HeaderText	ms	ms
PipelineBatch.stepImageColumn.HeaderText	이미지	Image
PipelineBatch.stepOverlayColumn.HeaderText	오버레이	Overlay
PipelineBatch.stepMetricColumn.HeaderText	메트릭	Metric
PipelineBatch.stepErrorColumn.HeaderText	에러	Error
PipelineBatch.stepResultStatusColumn.HeaderText	결과	Result
PipelineBatch.stepMessageColumn.HeaderText	메시지	Message
PipelineBatch.stepAcceptanceMessageColumn.HeaderText	허용 조건	Acceptance
PipelineBatch.stepDiagnosticHintColumn.HeaderText	진단	Diagnostic
PipelineBatch.stepSuggestedFixColumn.HeaderText	수정 제안	Suggested Fix
PipelineBatch.metricNameColumn.HeaderText	메트릭	Metric
PipelineBatch.metricValueColumn.HeaderText	값	Value
PipelineBatch.NoSampleSets	샘플 세트가 없습니다. 먼저 Pipeline Samples 창에서 샘플 세트를 저장하십시오.	No sample sets. Save sample sets from the Pipeline Samples window first.
PipelineBatch.SamplesCount	샘플: {0}	Samples: {0}
PipelineBatch.MessageTitle	파이프라인 배치	Pipeline Batch
PipelineBatch.NoFailedSample	재실행할 실패 샘플이 없습니다.	No failed sample to run.
PipelineBatch.NoSampleSetSelected	선택된 샘플 세트가 없습니다.	No sample set selected.
PipelineBatch.CancelRequested	취소 요청됨. 현재 Step이 중지될 때까지 대기합니다.	Cancel requested. Waiting for the current step to stop.
PipelineBatch.ReadyToRun	{0}개 샘플 실행 준비.	Ready to run {0} sample(s).
PipelineBatch.BatchFinished	배치 완료. 전체: {0}, Pass: {1}, Fail: {2}	Batch finished. Total: {0}, Pass: {1}, Fail: {2}
PipelineBatch.Elapsed	소요 시간: {0:0.0} ms	Elapsed: {0:0.0} ms
PipelineBatch.SummaryPath	요약: {0}	Summary: {0}
PipelineBatch.SummarySaveFailed	요약 저장 실패.	Summary save failed.
PipelineBatch.SummarySaveFailedDetail	배치 요약 저장 실패: {0}	Batch summary save failed: {0}
PipelineBatch.BatchCanceled	배치가 취소되었습니다.	Batch canceled.
PipelineBatch.NoBatchResultSelected	선택된 배치 결과가 없습니다.	No batch result selected.
PipelineBatch.Sample	샘플: {0}	Sample: {0}
PipelineBatch.StatusLine	상태: {0}   성공: {1}   전체: {2:0.0} ms	Status: {0}   Success: {1}   Total: {2:0.0} ms
PipelineBatch.Message	메시지: {0}	Message: {0}
PipelineBatch.Report	리포트: {0}	Report: {0}
PipelineBatch.NoBatchResult	배치 결과가 없습니다.	No batch result.
PipelineBatch.NoStep	(Step 없음)	(no step)
PipelineBatch.None	없음	None
PipelineBatch.Summary	요약: 전체 {0}, Pass {1}, Fail {2}	Summary: Total {0}, Pass {1}, Fail {2}
PipelineBatch.StatusSummary	상태: {0}	Status: {0}
PipelineBatch.FailedSteps	실패 Step: {0}	Failed Steps: {0}
PipelineBatch.Filter.All	전체	All
PipelineBatch.Filter.Failed	실패	Failed
PipelineBatch.Filter.Passed	통과	Passed
PipelineBatch.Filter.Invalid	잘못된 설정	Invalid
PipelineBatch.Filter.Error	오류	Error
PipelineBatch.Filter.Timeout	시간 초과	Timeout
PipelineBatch.Filter.Cancel	취소	Cancel
PipelineHistory.Text	파이프라인 실행 이력	Pipeline Run History
PipelineHistory.btnRefresh.Text	새로고침	Refresh
PipelineHistory.btnOpenFolder.Text	폴더 열기	Open Folder
PipelineHistory.stepIndexColumn.HeaderText	No	No
PipelineHistory.stepStatusColumn.HeaderText	상태	Status
PipelineHistory.stepAcceptanceColumn.HeaderText	허용	Accept
PipelineHistory.stepNameColumn.HeaderText	이름	Name
PipelineHistory.stepToolColumn.HeaderText	Tool	Tool
PipelineHistory.stepElapsedColumn.HeaderText	ms	ms
PipelineHistory.stepImageColumn.HeaderText	이미지	Image
PipelineHistory.stepOverlayColumn.HeaderText	오버레이	Overlay
PipelineHistory.stepMetricColumn.HeaderText	메트릭	Metric
PipelineHistory.stepErrorColumn.HeaderText	에러	Error
PipelineHistory.stepResultStatusColumn.HeaderText	결과	Result
PipelineHistory.stepMessageColumn.HeaderText	메시지	Message
PipelineHistory.stepAcceptanceMessageColumn.HeaderText	허용 조건	Acceptance
PipelineHistory.stepDiagnosticHintColumn.HeaderText	진단	Diagnostic
PipelineHistory.stepSuggestedFixColumn.HeaderText	수정 제안	Suggested Fix
PipelineHistory.metricNameColumn.HeaderText	메트릭	Metric
PipelineHistory.metricValueColumn.HeaderText	값	Value
PipelineHistory.NoRunReport	실행 리포트가 없습니다.	No run report.
PipelineHistory.Pipeline	파이프라인: {0}	Pipeline: {0}
PipelineHistory.Started	시작: {0}	Started: {0}
PipelineHistory.Finished	종료: {0}	Finished: {0}
PipelineHistory.Total	전체: {0:0.0} ms   성공: {1}   전체 출력: {2}	Total: {0:0.0} ms   Success: {1}   All Outputs: {2}
PipelineBatchHistory.Text	파이프라인 배치 이력	Pipeline Batch History
PipelineBatchHistory.batchRunsLabel.Text	배치 실행 이력	Batch Runs
PipelineBatchHistory.sampleResultsLabel.Text	샘플 결과	Sample Results
PipelineBatchHistory.stepPreviewLabel.Text	Step 미리보기	Step Preview
PipelineBatchHistory.btnRefresh.Text	새로고침	Refresh
PipelineBatchHistory.btnOpenFolder.Text	폴더 열기	Open Folder
PipelineBatchHistory.resultSampleColumn.HeaderText	샘플	Sample
PipelineBatchHistory.resultStatusColumn.HeaderText	상태	Status
PipelineBatchHistory.resultSuccessColumn.HeaderText	판정	Pass
PipelineBatchHistory.resultElapsedColumn.HeaderText	ms	ms
PipelineBatchHistory.resultFailedStepColumn.HeaderText	실패 Step	Failed Step
PipelineBatchHistory.resultMessageColumn.HeaderText	메시지	Message
PipelineBatchHistory.stepIndexColumn.HeaderText	No	No
PipelineBatchHistory.stepStatusColumn.HeaderText	상태	Status
PipelineBatchHistory.stepNameColumn.HeaderText	이름	Name
PipelineBatchHistory.stepToolColumn.HeaderText	Tool	Tool
PipelineBatchHistory.stepElapsedColumn.HeaderText	ms	ms
PipelineBatchHistory.stepImageColumn.HeaderText	이미지	Image
PipelineBatchHistory.stepOverlayColumn.HeaderText	오버레이	Overlay
PipelineBatchHistory.stepMetricColumn.HeaderText	메트릭	Metric
PipelineBatchHistory.stepMessageColumn.HeaderText	메시지	Message
PipelineBatchHistory.metricNameColumn.HeaderText	메트릭	Metric
PipelineBatchHistory.metricValueColumn.HeaderText	값	Value
PipelineBatchHistory.NoBatchSummary	배치 요약이 없습니다.	No batch summary.
PipelineBatchHistory.NoSampleResult	샘플 결과가 없습니다.	No sample result.
PipelineBatchHistory.Sample	샘플: {0}	Sample: {0}
PipelineBatchHistory.StatusLine	상태: {0}   성공: {1}   전체: {2:0.0} ms	Status: {0}   Success: {1}   Total: {2:0.0} ms
PipelineBatchHistory.Message	메시지: {0}	Message: {0}
PipelineBatchHistory.Report	리포트: {0}	Report: {0}
PipelineBatchHistory.Pipeline	파이프라인: {0}	Pipeline: {0}
PipelineBatchHistory.Started	시작: {0}	Started: {0}
PipelineBatchHistory.Finished	종료: {0}	Finished: {0}
PipelineBatchHistory.Total	전체: {0}   Pass: {1}   Fail: {2}   소요: {3:0.0} ms	Total: {0}   Pass: {1}   Fail: {2}   Elapsed: {3:0.0} ms
PipelineBatchHistory.FilteredResultsZero	필터 결과: 0	Filtered Results: 0
PipelineBatchHistory.FilteredResults	필터 결과: {0}	Filtered Results: {0}
PipelineBatchHistory.StatusSummary	상태: {0}	Status: {0}
PipelineBatchHistory.FailedSteps	실패 Step: {0}	Failed Steps: {0}
PipelineBatchHistory.NoStep	(Step 없음)	(no step)
PipelineBatchHistory.None	없음	None
PipelineBatchHistory.Filter.All	전체	All
PipelineBatchHistory.Filter.Failed	실패	Failed
PipelineBatchHistory.Filter.Passed	통과	Passed
PipelineBatchHistory.Filter.Invalid	잘못된 설정	Invalid
PipelineBatchHistory.Filter.Error	오류	Error
PipelineBatchHistory.Filter.Timeout	시간 초과	Timeout
PipelineBatchHistory.Filter.Cancel	취소	Cancel
PipelineSamples.Text	파이프라인 샘플	Pipeline Samples
PipelineSamples.tabCatalog.Text	레시피 카탈로그	Recipe Catalog
PipelineSamples.tabSaved.Text	저장된 작업 영역	Saved Workspace
PipelineSamples.catalogSourcePreviewLabel.Text	입력 이미지	Source
PipelineSamples.catalogReferencePreviewLabel.Text	기대 결과	Expected Result
PipelineSamples.catalogReferenceEmptyLabel.Text	기대 결과 이미지 없음	No expected result yet
PipelineSamples.btnOpenCatalog.Text	열기 + 미리보기	Open + Preview
PipelineSamples.btnCheckCatalog.Text	샘플 검사	Check Sample
PipelineSamples.btnCheckPair.Text	쌍 검사	Check Pair
PipelineSamples.btnSaveCurrent.Text	현재 상태 저장	Save Current
PipelineSamples.btnLoad.Text	로드	Load
PipelineSamples.btnDelete.Text	삭제	Delete
PipelineSamples.btnRefresh.Text	새로고침	Refresh
PipelineSamples.btnOpenCatalog.ToolTip	선택한 샘플 이미지와 파이프라인을 열고 미리보기를 실행합니다.	Open the selected sample image and pipeline, then run Preview.
PipelineSamples.btnCheckCatalog.ToolTip	선택한 샘플이 기대 결과 범위에 들어오는지 검사합니다.	Check whether the selected sample meets its expected result.
PipelineSamples.btnCheckPair.ToolTip	Good/Bad 샘플 쌍을 같은 파이프라인으로 검사합니다.	Check Good/Bad sample pairs with the same pipeline.
PipelineSamples.btnSaveCurrent.ToolTip	현재 레이어 이미지를 샘플 세트로 저장합니다.	Save the current layer images as a sample set.
PipelineSamples.btnLoad.ToolTip	저장된 샘플 세트를 현재 작업 영역으로 로드합니다.	Load the saved sample set into the current workspace.
PipelineSamples.btnDelete.ToolTip	선택한 저장 샘플을 삭제합니다.	Delete the selected saved sample.
PipelineSamples.btnRefresh.ToolTip	샘플 목록과 카탈로그 상태를 다시 읽습니다.	Refresh sample lists and catalog status.
PipelineSamples.CoverageEmpty	카탈로그 커버리지: -	Catalog coverage: -
PipelineSamples.NoSample	샘플 없음	No sample
PipelineSamples.SelectRecipeSample	샘플 이미지, 파이프라인, 기대 결과를 확인할 레시피 샘플을 선택하십시오.	Select a recipe sample to load its image, pipeline, and expected result.
PipelineSamples.LearnEmpty	학습: -	Learn: -
PipelineSamples.ExpectedEmpty	기대 결과: -	Expected: -
PipelineSamples.SampleFallback	샘플	Sample
PipelineSamples.CoverageNone	없음	none
PipelineSamples.CoverageSummary	카탈로그 커버리지: {0}/{1} 폴더 | 미등록: {2}	Catalog coverage: {0}/{1} folders covered | Backlog: {2}
PipelineSamples.ExpectedHeaderEmpty	기대 결과: -	Expected: -
PipelineSamples.ExpectedHeaderPipeline	기대: {0} | 파이프라인: {1}	Expected: {0} | Pipeline: {1}
PipelineSamples.ExpectedHeaderPairPipeline	기대: {0} | 쌍: {1} | 파이프라인: {2}	Expected: {0} | Pair: {1} | Pipeline: {2}
PipelineSamples.ExpectedHeaderLast	기대: {0} | 마지막: {1} | 최종: {2}	Expected: {0} | Last: {1} | Final: {2}
PipelineSamples.ExpectedHeaderPairLast	기대: {0} | 쌍: {1} | 마지막: {2} | 최종: {3}	Expected: {0} | Pair: {1} | Last: {2} | Final: {3}
PipelineSamples.ExpectedMetricCount	메트릭 {0}개	{0} metrics
PipelineSamples.LearnPairMissing	학습: {0} | 쌍 비교: 대상 없음	Learn: {0} | Pair Compare: pair target missing
PipelineSamples.LearnFlowPairMissing	학습: {0} | 흐름: {1} | 쌍 비교: 대상 없음	Learn: {0} | Flow: {1} | Pair Compare: pair target missing
PipelineSamples.LearnPair	학습: {0} | 쌍 비교: {1}	Learn: {0} | Pair Compare: {1}
PipelineSamples.LearnFlowPair	학습: {0} | 흐름: {1} | 쌍 비교: {2}	Learn: {0} | Flow: {1} | Pair Compare: {2}
PipelineSamples.PairSummaryMissing	Good / Bad 쌍: {0}\n - 쌍 샘플이 카탈로그에 등록되지 않았습니다.	Good / Bad Pair: {0}\n - Matching pair sample is not registered in the catalog.
PipelineSamples.PairSummaryTitle	Good / Bad 쌍: {0} ({1}개 샘플)	Good / Bad Pair: {0} ({1} samples)
PipelineSamples.PairSummaryLastNotRun	마지막 검사 안 됨	Last not run
PipelineSamples.PairSummaryLast	마지막 {0} | 실제 {1} | 최종 {2}	Last {0} | actual {1} | final {2}
PipelineSamples.PairSummaryLine	 - {0} {1}: 기대 {2} | {3}	 - {0} {1}: expected {2} | {3}
PipelineSamples.PairSummaryPurpose	목적: 같은 Recipe를 OK/NG 기준 이미지에 실행하고 기대 메트릭 범위를 비교합니다.	Purpose: run the same recipe on OK/NG references and compare expected metric bounds.
PipelineSamples.ReferenceNotDefined	정의 안 됨	not defined
PipelineSamples.ReferenceMissing	{0} (없음)	{0} (missing)
PipelineSamples.NoCatalogSample	카탈로그 샘플이 없습니다.	No catalog sample.
PipelineSamples.Ready	준비됨	Ready
PipelineSamples.MissingFile	파일 없음	Missing file
PipelineSamples.LastCheckNotRun	마지막 검사: 실행 안 됨	Last check: Not run
PipelineSamples.LastCheck	마지막 검사: {0} | {1} | 최종: {2} | 오버레이: {3} | {4:0.0} ms | {5:HH:mm:ss}	Last check: {0} | {1} | Final: {2} | Overlays: {3} | {4:0.0} ms | {5:HH:mm:ss}
PipelineSamples.FailedStep	실패 Step: {0}	Failed step: {0}
PipelineSamples.Action	동작: {0}	Action: {0}
PipelineSamples.StepFlow	Step 흐름: {0}	Step flow: {0}
PipelineSamples.MetricReviewNotRun	메트릭 검토: 실행 안 됨	Metric review: Not run
PipelineSamples.ExpectedMetric	기대 메트릭: {0}	Expected metric: {0}
PipelineSamples.Pair	쌍: {0}	Pair: {0}
PipelineSamples.RecipeGuide	레시피 가이드: {0}	Recipe guide: {0}
PipelineSamples.Category	분류: {0}	Category: {0}
PipelineSamples.Goal	목표: {0}	Goal: {0}
PipelineSamples.Image	이미지: {0} ({1} x {2})	Image: {0} ({1} x {2})
PipelineSamples.Reference	기대 결과 이미지: {0}	Reference: {0}
PipelineSamples.Pipeline	파이프라인: {0}	Pipeline: {0}
PipelineSamples.OpenPreviewAction	동작: 열기 + 미리보기는 이 이미지와 레시피를 불러온 뒤 Pipeline에서 미리보기를 실행합니다.	Action: Open + Preview loads this image and recipe, then runs preview in Pipeline.
PipelineSamples.Validation	검증: {0}	Validation: {0}
PipelineSamples.State	상태: {0}	State: {0}
PipelineSamples.CheckMessage	검사 메시지: {0}	Check message: {0}
PipelineSamples.pairRoleColumn.HeaderText	역할	Role
PipelineSamples.pairSampleColumn.HeaderText	샘플	Sample
PipelineSamples.pairExpectedColumn.HeaderText	기대 결과	Expected
PipelineSamples.pairActualColumn.HeaderText	실제 결과	Actual
PipelineSamples.pairStatusColumn.HeaderText	상태	Status
PipelineSamples.SelectSample	샘플을 선택하십시오	Select a sample
PipelineSamples.NoExpectedResultYet	기대 결과 이미지 없음	No expected result yet
PipelineSamples.ExpectedResultNotFound	기대 결과 이미지를 찾을 수 없음	Expected result not found
PipelineSamples.NoSampleSet	저장된 샘플 세트가 없습니다.	No sample set.
PipelineSamples.SavedName	이름: {0}	Name: {0}
PipelineSamples.SavedLayers	레이어 수: {0}	Layers: {0}
PipelineSamples.SavedAt	저장 시간: {0:yyyy-MM-dd HH:mm:ss}	Saved: {0:yyyy-MM-dd HH:mm:ss}
PipelineSamples.SavedPath	경로: {0}	Path: {0}
PipelineSamples.Checking	검사 중...	Checking...
PipelineSamples.CheckingPair	쌍 검사 중...	Checking Pair...
PipelineSamples.ExpectedPipeline	기대 결과: {0} | 파이프라인: {1}	Expected: {0} | Pipeline: {1}
PipelineSamples.PairCheck	쌍 검사: {0} | {1}개 샘플	Pair Check: {0} | {1} samples
PipelineSamples.CheckingGoodBadPair	Good/Bad 쌍 검사 중: {0}	Checking Good/Bad pair: {0}
PipelineSamples.PairWaitingLine	 - {0} {1}: 대기	 - {0} {1}: waiting
PipelineSamples.SaveSampleTitle	샘플 저장	Save Sample
PipelineSamples.SampleName	샘플 이름	Sample Name
PipelineSamples.MessageTitle	파이프라인 샘플	Pipeline Samples
PipelineSamples.SampleSaved	샘플을 저장했습니다. 레이어 수: {0}	Sample saved. Layers: {0}
PipelineSamples.SampleLoaded	샘플을 로드했습니다. 레이어 수: {0}	Sample loaded. Layers: {0}
PipelineSamples.DeleteSampleConfirm	샘플 '{0}'을 삭제하시겠습니까?	Delete sample '{0}'?
PipelineAddStep.Text	파이프라인 Step 추가	Add Pipeline Step
PipelineAddStep.captionLabel.Text	파이프라인 Step 추가	Add Pipeline Step
PipelineAddStep.positionLabel.Text	추가 위치	Position
PipelineAddStep.toolLabel.Text	1. Tool	1. Tool
PipelineAddStep.stepNameLabel.Text	2. Step 이름	2. Step Name
PipelineAddStep.inputLayerLabel.Text	3. 입력 이미지	3. Input Source
PipelineAddStep.outputLayerLabel.Text	4. 출력 이미지	4. Output Result
PipelineAddStep.inputCardTitle.Text	INPUT	INPUT
PipelineAddStep.toolCardTitle.Text	TOOL	TOOL
PipelineAddStep.outputCardTitle.Text	OUTPUT	OUTPUT
PipelineAddStep.chkAllowBranch.Text	분기 입력 허용	Allow branch input
PipelineAddStep.btnCancel.Text	취소	Cancel
PipelineAddStep.btnAdd.Text	Step 추가	Add Step
PipelineAddStep.cbToolType.ToolTip	파이프라인에 추가할 Vision Tool입니다.	Vision tool to add to the pipeline.
PipelineAddStep.insertPositionValue.ToolTip	새 Step이 삽입될 위치입니다.	Where the new step will be inserted.
PipelineAddStep.tbStepName.ToolTip	Step 목록과 로그에 표시될 이름입니다.	Name shown in the step list and run log.
PipelineAddStep.cbInputLayer.ToolTip	이 Step이 읽을 이미지입니다. 기본값은 이전 Step 출력이며, 다른 레이어를 고르면 분기 흐름입니다.	Image source used by this step. The previous output is selected by default; choosing another layer creates a branch.
PipelineAddStep.tbOutputLayer.ToolTip	이 Step이 생성할 결과 레이어입니다. 입력과 다른 이름을 사용해야 합니다.	Result layer created by this step. Keep it different from the input source.
PipelineAddStep.flowPreviewPanel.ToolTip	새 Step이 파이프라인 흐름에 어떻게 연결되는지 보여줍니다.	Shows how this new step will connect to the pipeline.
PipelineAddStep.chkAllowBranch.ToolTip	이전 Step 출력이 아닌 별도 레이어를 의도적으로 읽을 때만 켭니다.	Turn this on only when this step should intentionally read from a layer other than the previous output.
PipelineAddStep.AppendToPipeline	파이프라인 끝에 추가	Append to pipeline
PipelineAddStep.ReadyPrefix	준비 완료. 	Ready. 
PipelineAddStep.Validation.SelectTool	Tool을 선택하십시오.	Select a tool.
PipelineAddStep.Validation.EnterStepName	Step 이름을 입력하십시오.	Enter a step name.
PipelineAddStep.Validation.StepNameExists	Step 이름 '{0}'이 이미 있습니다.	Step name '{0}' already exists.
PipelineAddStep.Validation.SelectInputLayer	입력 이미지를 선택하십시오.	Select an input layer.
PipelineAddStep.Validation.EnterOutputLayer	출력 이미지를 입력하십시오.	Enter an output layer.
PipelineAddStep.Validation.OutputDifferent	출력 이미지는 입력 이미지와 달라야 합니다.	Output layer must be different from input layer.
PipelineAddStep.Validation.OutputNotMain	Main은 출력 이미지로 사용할 수 없습니다.	Output layer cannot be Main.
PipelineAddStep.Validation.OutputLayerExists	출력 이미지 '{0}'이 이미 있습니다.	Output layer '{0}' already exists.
PipelineAddStep.Validation.BranchInputSelected	분기 입력입니다. 이전 출력 '{1}' 대신 '{0}'을 읽으려면 '분기 입력 허용'을 켜십시오.	Branch input selected. Turn on 'Allow branch input' to read '{0}' instead of previous output '{1}'.
PipelineAddStep.Flow.SourceReady	'{0}'에서 시작하여 '{1}'을 생성합니다.	Source flow: starts from '{0}' and creates '{1}'.
PipelineAddStep.Flow.BranchReady	이전 출력 '{1}' 대신 '{0}'을 읽습니다.	Branch flow: reads '{0}' instead of previous output '{1}'.
PipelineAddStep.Flow.DefaultReady	이전 출력 '{0}'이 이 Step의 입력이 됩니다.	Default link: previous output '{0}' becomes this step input.
PipelineAddStep.Flow.SourceRelation	Main -> {0}	Source flow: Main -> {0}.
PipelineAddStep.Flow.DefaultRelation	이전 출력 '{0}' -> {1}	Default link: previous output '{0}' -> {1}.
PipelineAddStep.Flow.BranchRelation	분기 입력 '{0}'이 이전 출력을 우회합니다.	Branch flow: selected input '{0}' bypasses previous output.
App.Subtitle	Rule-based Vision Workbench	Rule-based Vision Workbench
Menu.Tools	도구	Tools
Menu.Tools.ToolTip	이미지 비교, 로그 보기 등 보조 도구를 엽니다.	Open utility tools such as Image Compare and Log Viewer.
Menu.ImageCompare	이미지 비교	Image Compare
Menu.ImageCompare.ToolTip	여러 이미지를 같은 좌표와 배율로 비교합니다.	Compare multiple images at the same coordinate and zoom.
Menu.LogViewer	로그 보기	Log Viewer
Menu.LogViewer.ToolTip	실행 로그를 자세히 확인합니다.	Open detailed run logs.
Menu.Settings	언어 / 번역 편집	Language / Translations
Menu.Settings.ToolTip	언어를 전환하고 번역 문구를 편집합니다.	Change language and edit translation text.
Menu.Language.ToolTip	화면 언어를 한국어 또는 영어로 전환합니다.	Switch the UI language between Korean and English.
Menu.UserOptions.ToolTip	도구와 언어/번역 편집 메뉴를 엽니다.	Open tools and language/translation options.
Menu.ImageProcessing	이미지 처리	Image Processing
Menu.Algorithm	알고리즘	Algorithm
Menu.View	보기	View
Menu.Guide	가이드	Guide
Menu.Guide.ToolTip	OpenVisionLab 튜토리얼을 엽니다.	Open the OpenVisionLab tutorial.
Menu.View.ShowLogDockTitle	Log 패널 제목 표시	Show Log panel title
Menu.View.SaveWorkspaceLayout	레이아웃 저장	Save layout
Menu.View.LoadWorkspaceLayout	레이아웃 불러오기	Load layout
Menu.View.DiagnoseWorkspaceLayout	레이아웃 상태 확인	Check layout state
Menu.VisionTool.ToolTip	{0} Tool을 엽니다.	Open the {0} tool.
Main.Layer	레이어	Layer
Main.LayerInput	레이어 입력	Layer Input
Main.LayerInputCompact	입력	Input
Main.ActiveLayer	활성 레이어	Active Layer
Main.InputSource	입력 기준	Input Source
Main.Flow	실행 흐름	Flow
Main.State	작업 상태	State
Main.Elapsed	소요 시간	Elapsed
Main.RunStep	선택	Step
Main.RunAll	전체	All
Main.Stop	중지	Stop
Main.StopRequest	요청	Request
Main.Fit	맞춤	Fit
Main.Tooltip.RunStep	선택한 검사 Step만 실행합니다.	Run only the selected inspection step.
Main.Tooltip.RunAll	현재 Pipeline 전체를 실행합니다.	Run the full current pipeline.
Main.Tooltip.Stop	실행 중인 Pipeline 중지를 요청합니다.	Request the running pipeline to stop.
Main.Tooltip.Fit	현재 레이어를 뷰어에 맞춥니다.	Fit the current layer to the viewer.
Main.LayoutSaved	레이아웃 저장 완료	Layout saved
Main.LayoutSaveFailed	레이아웃 저장 실패	Layout save failed
Main.LayoutLoaded	레이아웃 불러옴	Layout loaded
Main.DefaultLayoutApplied	기본 레이아웃 적용	Default layout applied
Main.LogDockTitleShown	Log 도킹 제목 표시	Log dock title shown
Main.LogDockTitleHidden	Log 도킹 제목 숨김	Log dock title hidden
Main.GuideOpened	가이드 열기	Guide opened
VisionMenu.Morphology	모폴로지	Morphology
VisionMenu.Filter	필터	Filter
VisionMenu.Arithmetic	산술 연산	Arithmetic
VisionMenu.EdgeDetection	엣지 검출	Edge Detection
VisionMenu.RotateAndScale	회전 / 스케일	Rotate / Scale
VisionMenu.Histogram	히스토그램	Histogram
VisionMenu.HSV	HSV	HSV
VisionMenu.Blob	블랍	Blob
VisionMenu.Contour	컨투어	Contour
VisionMenu.Matching	매칭	Matching
VisionMenu.FeatureMatching	특징 매칭	Feature Matching
VisionMenu.Line	라인	Line
VisionMenu.Mean	평균	Mean
VisionMenu.Pipeline	파이프라인	Pipeline
Main.Idle	대기 중	Idle
AiRecipe.Title	AI Recipe 가져오기	AI Recipe Import
AiRecipe.Paste	붙여넣기	Paste
AiRecipe.OpenXml	XML 열기	Open XML
AiRecipe.Sample	샘플	Sample
AiRecipe.Catalog	카탈로그	Catalog
AiRecipe.BuildPrompt	프롬프트 생성	Build Prompt
AiRecipe.Validate	검증	Validate
AiRecipe.LoadImage	이미지 로드	Load Image
AiRecipe.CurrentLayers	현재 레이어	Current Layers
AiRecipe.RunPreview	미리보기 실행	Run Preview
AiRecipe.Overview	Recipe 요약	Recipe Overview
AiRecipe.Flow	Step 흐름	Step Flow
AiRecipe.Feedback	AI 피드백	AI Feedback
AiRecipe.Patch	XML 수정 요청	XML Patch Request
AiRecipe.AdvancedXml	고급 XML	Advanced XML
AiRecipe.Validation	검증 결과	Validation
AiRecipe.SafeFix	자동 수정 - 사용할 항목 체크, 값 수정 후 적용	Safe Fix - check Use, edit Value, then apply
AiRecipe.LayerFlow	레이어 흐름 수정	Layer Flow Edit
AiRecipe.Input	입력	Input
AiRecipe.Output	출력	Output
AiRecipe.UsePreviousOutput	이전 출력 사용	Use Previous Output
AiRecipe.KeepBranch	분기 유지	Keep Branch
AiRecipe.ApplyRun	적용 + 실행	Apply + Run
AiRecipe.Preview	미리보기	Preview
AiRecipe.RunResult	실행 결과	Run Result
AiRecipe.Log	로그	Log
AiRecipe.ApplyPipeline	Pipeline에 적용	Apply to Pipeline
AiRecipe.ApplyFix	수정 적용	Apply Fix
AiRecipe.ApplyPreview	적용 + 미리보기	Apply + Preview
AiRecipe.CopyFeedback	AI 피드백 복사	Copy AI Feedback
AiRecipe.CopyPatch	수정 요청 복사	Copy Patch Request
AiRecipe.Close	닫기	Close
AiRecipe.Type	구분	Type
AiRecipe.Message	메시지	Message
AiRecipe.Use	사용	Use
AiRecipe.Target	대상	Target
AiRecipe.Change	변경	Change
AiRecipe.Value	제안값 / 수정	Proposed / Edit
AiRecipe.No	No	No
AiRecipe.Step	Step	Step
AiRecipe.Status	상태	Status
AiRecipe.Elapsed	시간	Elapsed
AiRecipe.Metrics	Metrics	Metrics
AiRecipe.InitialLog	LLM이 생성한 VisionPipeline XML을 붙여넣은 뒤 검증하십시오.	Paste an LLM-generated VisionPipeline XML, then Validate.
AiRecipe.OperatorGuide	작업자: 사용할 항목을 체크하고 Value를 필요 시 수정한 뒤 Fix 적용 또는 적용 + 미리보기를 누르십시오.	Operator: check Use, edit Value if needed, then Apply Fix or Apply + Preview.
AiRecipe.EditableGuide	수정 가능한 Value 행은 입력한 값을 사용하며, 체크 해제된 행은 무시됩니다.	Editable Value rows use the typed value; unchecked rows are ignored.
Pipeline.Title	Pipeline	Pipeline
Pipeline.Name	Pipeline	Pipeline
Pipeline.NewStepTool	새 Step 도구	New Step Tool
Pipeline.InputLayer	입력 레이어	Input Layer
Pipeline.OutputLayer	출력 레이어	Output Layer
Pipeline.AddStep	Step 추가	Add Step
Pipeline.AiRecipe	AI Recipe	AI Recipe
Pipeline.Flow	Pipeline 흐름	Pipeline Flow
Pipeline.StepFlow	Step 흐름	Step Flow
Pipeline.Properties	속성	Properties
Pipeline.InputSource	입력 이미지	INPUT SOURCE
Pipeline.OutputResult	출력 결과	OUTPUT RESULT
Pipeline.LinkPrev	이전 출력 연결	Link Prev
Pipeline.Source	원본	Source
Pipeline.Linked	연결됨	Linked
Pipeline.SelectStepFlow	Step을 선택하면 이미지 흐름을 수정할 수 있습니다.	Select a step to edit image flow.
Pipeline.Acceptance	추천 판정 조건	RECOMMENDED ACCEPTANCE
Pipeline.NoAcceptance	판정 조건 없음	No acceptance
Pipeline.Apply	적용	Apply
Pipeline.Clear	해제	Clear
Pipeline.Preview	미리보기	Preview
Pipeline.RunResult	결과	Result
Pipeline.ResultDetails	결과 상세	Result Details
Pipeline.RunLog	실행 로그	Run Log
Pipeline.Remove	삭제	Remove
Pipeline.Up	위로	Up
Pipeline.Down	아래로	Down
Pipeline.History	이력	History
Pipeline.Samples	샘플	Samples
Pipeline.Batch	일괄	Batch
Pipeline.Import	가져오기	Import
Pipeline.Check	검증	Check
Pipeline.Load	열기	Load
Pipeline.SaveProject	프로젝트 저장	Save Project
Pipeline.RunPreview	미리보기 실행	Run Preview
Pipeline.PublishResult	결과 반영	Publish Result
Pipeline.More	더보기	More
Pipeline.Cancel	닫기	Cancel
Pipeline.PublishAll	전체 반영	Publish all
Pipeline.Menu.AddStepAfter	선택 Step 뒤에 추가	Add Step After...
Pipeline.Menu.InsertStepBefore	선택 Step 앞에 삽입	Insert Step Before...
Pipeline.Menu.AcceptancePreset	판정 조건 Preset	Acceptance Preset
Pipeline.Menu.ClearAcceptance	판정 조건 해제	Clear Acceptance
Pipeline.Menu.UsePreviousOutput	이전 출력으로 입력 연결	Use Previous Output as Input
Pipeline.Menu.UsePreviousOutputWithLayer	이전 출력으로 입력 연결 ({0})	Use Previous Output as Input ({0})
Pipeline.Menu.CopyStep	Step 복사	Copy Step
Pipeline.Menu.PasteStepAfter	복사한 Step 뒤에 붙여넣기	Paste Step After
Pipeline.Menu.DuplicateStep	Step 복제	Duplicate Step
Pipeline.Menu.DisableStep	Step 비활성	Disable Step
Pipeline.Menu.EnableStep	Step 활성	Enable Step
Pipeline.Menu.RemoveStep	Step 삭제	Remove Step
Pipeline.Menu.RunHistory	실행 이력	Run History
Pipeline.Menu.SampleImages	샘플 이미지	Sample Images
Pipeline.Menu.BatchTest	일괄 테스트	Batch Test
Pipeline.Menu.AiRecipe	AI Recipe...	AI Recipe...
Pipeline.Menu.OpenTutorial	튜토리얼 열기...	Open Tutorial...
Pipeline.Menu.ImportXml	XML 가져오기...	Import XML...
Pipeline.Menu.LoadSaved	저장된 Pipeline 열기...	Load Saved...
Pipeline.Menu.RecommendedFor	{0} 추천값	Recommended for {0}
Pipeline.Menu.NoPreset	이 Tool에 추천 Preset이 없습니다.	No preset for this tool
Pipeline.Tooltip.ToolType	다음에 추가할 Tool을 선택합니다. 입력/출력은 Add Step에서 확정합니다.	Choose the tool for the next step. Input and output are confirmed in Add Step.
Pipeline.Tooltip.DefaultInput	Add Step을 열 때 기본 입력으로 사용할 레이어입니다.	Default input used when Add Step opens.
Pipeline.Tooltip.DefaultOutput	Add Step을 열 때 제안할 출력 레이어입니다.	Default output suggestion used when Add Step opens.
Pipeline.Tooltip.Flow	Step을 클릭하면 입력, 출력, 파라미터, 미리보기를 확인합니다.	Click a step to inspect its input, output, parameters, and preview.
Pipeline.Tooltip.StepIo	선택 Step의 이미지 흐름입니다. Tool 파라미터를 조정하기 전에 INPUT/OUTPUT을 확인하십시오.	Selected step image flow. Change INPUT or OUTPUT here before editing tool parameters.
Pipeline.Tooltip.StepInputLayer	선택 Step에서 사용할 이미지 레이어입니다.	Image layer used by the selected step.
Pipeline.Tooltip.StepOutputLayer	선택 Step이 생성할 이미지 레이어입니다.	Image layer created by the selected step.
Pipeline.Tooltip.ChainInput	이전 활성 Step의 출력을 현재 Step 입력으로 연결합니다.	Use the previous enabled step's output as this step's input.
Pipeline.Tooltip.StepIoStatus	선택 Step이 원본에서 시작하는지, 이전 출력을 따르는지, 다른 레이어에서 분기하는지 표시합니다.	Shows whether the selected step starts from a source image, follows the previous output, or branches from another layer.
Pipeline.Tooltip.AddStep	Tool, Step 이름, 입력, 출력을 확인하고 Step을 추가합니다.	Open Add Step to confirm tool, step name, input, and output.
Pipeline.Tooltip.AiRecipe	AI Recipe에서 Pipeline Step을 생성합니다.	Create pipeline steps from an AI recipe.
Pipeline.Tooltip.PreviewMode	Summary는 전체 검출을 보고, Input/Output/Overlay는 선택 Step 기준으로 확인합니다.	Choose Summary for the full detection view, or Input/Output/Overlay for the selected step.
Pipeline.Tooltip.OverlayLabel	Overlay 라벨 표시 방식을 선택합니다.	Choose how overlay labels are drawn.
Pipeline.Tooltip.PointLimit	LineGauge/Edge처럼 점이 많은 Overlay의 표시 개수를 제한합니다.	Limit dense point overlays so LineGauge and edge views stay readable.
Pipeline.Tooltip.OverlayRoi	선택 Step의 ROI를 표시합니다. 전체 이미지 ROI는 숨깁니다.	Show the ROI configured on the selected step. Full-image ROI is hidden.
Pipeline.Tooltip.PreviewLabel	현재 미리보기 모드입니다. Pipeline Flow의 Step, IN, OUT을 클릭해 바꿀 수 있습니다.	Current preview mode. Click Step, IN, or OUT in Pipeline Flow to change it.
Pipeline.Tooltip.OpenPreview	확대 가능한 미리보기를 엽니다. 휠로 확대하고 드래그로 이동합니다.	Open a zoomable preview. Mouse wheel zooms, drag pans.
Pipeline.Tooltip.PreviewBox	더블클릭하면 확대 가능한 미리보기로 엽니다.	Double-click to open the zoomable preview.
Pipeline.Tooltip.TemplateBox	더블클릭하면 Template 이미지를 확대해서 확인합니다.	Double-click to inspect the template in the zoomable viewer.
Pipeline.Tooltip.DetectedBox	더블클릭하면 검출 Crop을 확대해서 확인합니다.	Double-click to inspect the detected crop in the zoomable viewer.
Pipeline.Tooltip.RunPreview	Run Preview는 이 창 안에서만 실행하며 메인 작업영역을 업데이트하지 않습니다.	Run Preview executes inside this window. The main workspace is not updated.
Pipeline.Tooltip.PublishResult	Summary 또는 선택 Step 결과를 메인 작업영역으로 반영합니다.	Publish Summary or the selected step result to the main workspace.
Pipeline.Tooltip.SaveProject	Pipeline XML, 작업 이미지, Step 미리보기 이미지를 저장합니다.	Save pipeline XML, workspace images, and step preview images.
Pipeline.Tooltip.PublishAll	선택/최신 결과만이 아니라 캐시된 모든 Step 출력을 반영합니다.	Publish every cached step output instead of only the selected or latest result.
Pipeline.Tooltip.WorkflowHint	Run Preview는 Pipeline 내부 검증이고, Publish Result만 메인 작업영역을 업데이트합니다.	Run Preview is sandboxed inside Pipeline. Publish Result is the explicit step that updates the main workspace.
Pipeline.Tooltip.SampleContext	Sample Catalog에서 연 샘플 이미지와 Recipe를 표시합니다.	Shows the sample image and recipe currently opened from Sample Catalog.
Pipeline.WorkflowHint	Preview 내부 확인 | Publish가 메인 반영	Preview stays here | Publish updates main
Pipeline.Hint.CheckFailed	검증 실패. 선택된 Step을 수정한 뒤 미리보기를 다시 실행하십시오.	Check failed. Fix the selected step before Run Preview.
Pipeline.Hint.CheckPassedSandbox	검증 완료. 미리보기는 메인 작업영역을 변경하지 않습니다.	Check passed. Run Preview will not update the main workspace.
Pipeline.Hint.CheckPassedReview	검증 완료. 미리보기 전에 선택 항목을 확인하십시오.	Check passed. Review the selected item before Run Preview.
Pipeline.Hint.PreviewRunningSandbox	미리보기 실행 중. 메인 작업영역은 변경되지 않습니다.	Preview is running. Main workspace is unchanged.
Pipeline.Hint.PreviewCanceled	미리보기가 취소되었습니다. 메인 작업영역은 변경되지 않았습니다.	Preview canceled. Main workspace was not changed.
Pipeline.Hint.PreviewFailed	미리보기 실패. 선택된 Step 상세를 확인하십시오.	Preview failed. Check the selected step details.
Pipeline.Hint.PreviewReadySummaryPublish	미리보기 완료. 요약은 전체 검출을 표시하며 결과 반영 시 메인 작업영역에 기록됩니다.	Preview ready. Summary shows all detections; Publish Result writes it to the main workspace.
Pipeline.Hint.PublishBlockedRunning	미리보기 실행 중에는 결과를 반영할 수 없습니다.	Cannot publish while Preview is running.
Pipeline.Hint.PublishRunPreviewFirst	결과 반영 전에 미리보기를 먼저 실행하십시오.	Run Preview before Publish Result.
Pipeline.Hint.PublishRunPreviewBeforeSummary	요약 결과 반영 전에 미리보기를 먼저 실행하십시오.	Run Preview before publishing Summary.
Pipeline.Hint.PublishNothing	반영된 출력이 없습니다. 각 출력 레이어를 확인하십시오.	Nothing was published. Check each output layer.
Pipeline.Hint.PublishCompleteFormat	결과 반영 완료. 메인 작업영역의 출력 레이어 {0}개가 갱신되었습니다.	Publish complete. {0} output layer(s) updated in the main workspace.
Pipeline.Hint.PublishLayerCompleteFormat	결과 반영 완료. '{0}' 레이어가 메인 작업영역에 갱신되었습니다.	Publish complete. '{0}' was updated in the main workspace.
Pipeline.Hint.PublishNoCachedResult	반영할 캐시 결과가 없습니다.	No cached result to publish.
Pipeline.Hint.ChainSelectPrevious	첫 번째 이후 Step을 선택한 뒤 이전 출력을 연결하십시오.	Select a step after the first one, then choose a previous output to chain.
Pipeline.Hint.ChainSelectedPreviousFormat	선택 Step 입력이 이전 출력으로 연결되었습니다: {0}	Selected step now uses previous output: {0}
Pipeline.Hint.StepIoChanged	Step 입출력이 변경되었습니다. 미리보기를 다시 실행하십시오.	Step I/O changed. Run Preview again.
Pipeline.Hint.ViewTemplateMissing	Template 이미지가 없습니다.	Template image is not available.
Pipeline.Hint.ViewDetectedCropMissing	검출 Crop이 없습니다. 미리보기를 먼저 실행하십시오.	Detected crop is not available. Run Preview first.
Pipeline.Hint.ViewSummaryMissing	요약 미리보기 이미지가 없습니다. 미리보기를 먼저 실행하십시오.	Summary has no preview image. Run Preview first.
Pipeline.Hint.MetricsMissing	Metric이 없습니다. 미리보기를 먼저 실행하십시오.	No metrics are available. Run Preview first.
Pipeline.Message.CheckPassedSandbox	검증이 완료되었습니다.\r\n\r\n미리보기는 Pipeline 창 안에서만 실행됩니다. 결과 반영만 메인 작업영역을 업데이트합니다.	Check passed.\r\n\r\nRun Preview executes inside the Pipeline window. Publish Result updates the main workspace.
Pipeline.Message.CheckPassedWithWarnings	검증은 통과했지만 확인이 필요합니다.\r\n\r\n{0}\r\n\r\n미리보기는 이 창 안에 유지됩니다. 결과 반영만 메인 작업영역을 업데이트합니다.	Check passed, but review is recommended.\r\n\r\n{0}\r\n\r\nRun Preview stays in this window. Publish Result updates the main workspace.
Pipeline.Message.PublishRunPreviewFirst	먼저 미리보기를 실행한 뒤 결과 반영으로 메인 작업영역의 출력 레이어를 업데이트하십시오.	Run Preview first, then Publish Result to update the output layer in the main workspace.
Pipeline.Message.PublishRunPreviewBeforeSummary	먼저 미리보기를 실행한 뒤 요약 결과를 반영하십시오.	Run Preview first, then publish the Summary result.
Pipeline.Message.PublishNothing	반영할 수 있는 출력 레이어가 없습니다. 각 Step의 출력 레이어를 확인하십시오.	No output layer could be published. Check each step output layer.
Pipeline.SummaryBadgeFormat	요약 | Step {0} | Overlay {1}	SUMMARY | Steps {0} | Overlays {1}
Pipeline.SelectStep	Step 선택	Select a step
Pipeline.Summary	요약	Summary
Pipeline.AllDetections	전체 검출	All detections
Pipeline.NoStepSelected	선택된 Step 없음	No step selected
Pipeline.SelectStepPreview	결과를 보려면 Pipeline Step을 선택하십시오.	Select a pipeline step to view its result.
Pipeline.AllDetectionsPlaceholder	검출된 모든 Overlay가 하나의 이미지에 표시됩니다.	All detected overlays will be shown here on one image.
Pipeline.LinkedInputStatus	연결 입력: 이 Step은 이전 출력 '{0}'을 사용합니다.	Linked input: this step uses previous output '{0}'.
Pipeline.SourceInputStatus	원본 입력: 이 Step은 '{0}'에서 시작합니다.	Source input: this step starts from '{0}'.
Pipeline.Branch	분기	BRANCH
Pipeline.BranchFrom	분기: {0}	BRANCH from {0}
Pipeline.FlowDisabledStep	비활성 Step	Disabled step
Pipeline.FlowInputSource	입력: 원본 이미지 {0}	Input: source image {0}
Pipeline.FlowInputPrevious	입력: 이전 출력 {0}	Input: previous output {0}
Pipeline.FlowBranchMain	분기: Main을 읽고 있습니다. 의도하지 않았다면 이전 출력 {0}을 연결하십시오.	Branch: reads Main instead of {0}. Link Prev if this is not intentional.
Pipeline.FlowBranch	분기: {1} 대신 {0}을 읽고 있습니다.	Branch: reads {0} instead of {1}
Pipeline.InputSource.SourceLayer	원본 {0}에서 시작	Starts from source {0}
Pipeline.InputSource.PreviousOutput	이전 출력 {0} 사용	Uses previous output {0}
Pipeline.InputSource.BranchMain	Main 분기. 이전 출력은 {0}	Main branch. Previous output is {0}
Pipeline.InputSource.BranchLayer	{0} 분기. 이전 출력은 {1}	Branch from {0}. Previous output is {1}
Pipeline.OutputResult.MissingLayer	출력 레이어가 지정되지 않았습니다.	Output layer is not set.
Pipeline.OutputResult.CreatesLayer	{0} 생성/갱신 | {1}	Creates/updates {0} | {1}
Pipeline.StepInputSource.SourceLayer	원본 {0} 시작	Source {0}
Pipeline.StepInputSource.PreviousOutput	이전 출력 {0} 사용	Prev output {0}
Pipeline.StepInputSource.BranchMain	Main 분기 | 이전 출력 {0}	Main branch | Prev output {0}
Pipeline.StepInputSource.BranchLayer	{0} 분기 | 이전 출력 {1}	Branch {0} | Prev output {1}
Pipeline.StepOutputResult.MissingLayer	출력 레이어 미설정	Output layer missing
Pipeline.StepOutputResult.CreatesLayer	{0} 생성/갱신 | {1}	{0} created/updated | {1}
PipelineFlow.NoSteps	Pipeline Step 없음	No pipeline steps
PipelineFlow.Input	입력	INPUT
PipelineFlow.Output	출력	OUTPUT
PipelineFlow.BranchInput	분기 입력	BRANCH IN
PipelineFlow.SourceImage	원본 이미지	SOURCE IMG
PipelineFlow.PreviousOutput	이전 출력	PREV OUT
PipelineFlow.Branch	분기	BRANCH
PipelineFlow.RunPreviewRequired	미리보기 필요	Run Preview required
PipelineFlow.ViewInputImage	입력 이미지 보기	View input image
PipelineFlow.ViewOutputImage	출력 이미지 보기	View output image
PipelineFlow.LayerTooltip	{0}: {1} - 클릭하면 이 이미지를 확인합니다.	{0}: {1} - click to inspect this image
PipelineFlow.BranchInputTooltip	분기 입력입니다. 이 Step은 이전 출력 {1} 대신 {0}을 읽습니다.	Branch input. This step reads {0} instead of previous output {1}.
PipelineFlow.OverlayTooltip	클릭하면 Overlay 미리보기를 확인합니다.	Click to inspect overlay preview
PipelineFlow.BranchStepTooltip	분기 Step입니다. 이 Step은 이전 출력 '{1}' 대신 '{0}'을 읽습니다. 의도하지 않았다면 이전 출력 연결을 사용하십시오.	Branch step. This step reads '{0}' instead of previous output '{1}'. Use Link Prev if this was not intentional.
Threshold.Title	Threshold	Threshold
Threshold.InputSource	입력 레이어	Input Source
Threshold.OutputResult	출력 레이어	Output Result
Threshold.ResultType	결과 타입	Result type
Threshold.Method	계산 방식	Method
Threshold.MaxValue	최대값	Max value
Threshold.BlockSize	Block size	Block size
Threshold.Weight	Weight	Weight
Threshold.BasicTitle	일반 Threshold	Basic Threshold
Threshold.BasicHint	단일 기준값	Single cutoff
Threshold.RangeTitle	범위 Threshold	Range Threshold
Threshold.RangeHint	Min-Max 범위	Keep Min-Max
Threshold.AdaptiveTitle	Adaptive Threshold	Adaptive Threshold
Threshold.AdaptiveHint	로컬 밝기	Local brightness
Threshold.OutputPreview	{0} (Preview)	{0} (Preview)
Threshold.PreviewTitle	미리보기 - {0}	Preview - {0}
Threshold.FlowSame	Input/Output {0}	Input/Output {0}
Threshold.Flow	Input {0} -> Output {1}	Input {0} -> Output {1}
Threshold.AddStep	+ {0} Step 추가	+ Add {0} Step
Threshold.BasicPurpose	하나의 기준값으로 전경과 배경을 분리합니다.	uses one cutoff, useful for clear foreground/background contrast.
Threshold.RangePurpose	Min-Max 밝기 범위 안의 픽셀만 유지합니다.	keeps only pixels inside the Min-Max brightness band.
Threshold.AdaptivePurpose	영역별 밝기를 기준으로 계산하며 조명 편차가 있을 때 사용합니다.	uses local brightness, useful for uneven lighting.
Threshold.Tooltip.InputLayer	Threshold 미리보기에 사용할 입력 레이어입니다.	Input layer used for Threshold preview.
Threshold.Tooltip.OutputLayer	미리보기 결과는 Threshold 레이어에 기록됩니다.	Preview result is written to the Threshold layer.
Threshold.Tooltip.BasicResultType	일반 Threshold의 결과 타입입니다.	Result type for Basic Threshold.
Threshold.Tooltip.BasicValue	일반 Threshold의 기준값입니다.	Threshold value for Basic Threshold.
Threshold.Tooltip.Range	범위 Threshold의 Min, Max, Invert 설정입니다.	Min, max, and invert option for Range Threshold.
Threshold.Tooltip.AdaptiveResultType	Adaptive Threshold의 결과 타입입니다.	Result type for Adaptive Threshold.
Threshold.Tooltip.AdaptiveMethod	Adaptive 계산 방식입니다.	Adaptive calculation method.
Threshold.Tooltip.AdaptiveMax	Adaptive Threshold의 최대 출력값입니다.	Maximum output value for Adaptive Threshold.
Threshold.Tooltip.BlockSize	Adaptive block size입니다. 홀수 값을 사용합니다.	Adaptive block size. Use an odd value.
Threshold.Tooltip.Weight	지역 평균 또는 Gaussian 값에서 빼는 보정값입니다.	Adaptive correction value subtracted from the local mean or Gaussian value.
MessageBox.Message	메시지	Message
MessageBox.TechnicalDetails	상세 정보	Technical Details
MessageBox.HideDetails	상세 숨기기	Hide Details
MessageBox.CopyDetails	상세 복사	Copy Details
MessageBox.Copied	복사됨	Copied
MessageBox.OK	확인	OK
MessageBox.Cancel	취소	Cancel
MessageBox.Yes	예	Yes
MessageBox.No	아니오	No
MessageBox.Retry	다시 시도	Retry
MessageBox.Abort	중단	Abort
MessageBox.Ignore	무시	Ignore
Log.SummaryMode	요약	Summary
Log.DetailMode	상세	Details
Log.HeaderSummary	실행 로그 - 요약	Run Log - Summary
Log.HeaderDetail	실행 로그 - 상세	Run Log - Details
Log.Clear	지우기	Clear
Log.Folder	폴더	Folder
Log.AutoScroll	자동 스크롤	Auto Scroll
Log.AllLogs	전체 로그	All Logs
Log.Level	레벨	Level
Log.Area	영역	Area
Log.Empty	표시할 실행 로그가 없습니다.	No execution logs to display.
Log.NoRecentEvent	최근 이벤트 없음	No recent event
Log.FiltersOff	필터 없음	Filters off
Log.FilteredView	필터 보기	Filtered view
Log.NoFilter	필터 없음	No filter
Log.CountFormat	{0}건	{0}
Log.FilteredCountFormat	{0}/{1}건	{0}/{1}
Log.AreaFormat	영역: {0}	Area: {0}
Log.LevelFormat	레벨: {0}	Level: {0}
Log.SearchFormat	검색: {0}	Search: {0}
Log.Tooltip.Mode	요약/상세 모드를 전환합니다.	Switch summary and detail mode.
Log.Tooltip.Clear	현재 로그 목록을 지웁니다.	Clear the current log list.
Log.Tooltip.Folder	로그 폴더를 엽니다.	Open the log folder.
Log.Tooltip.AutoScroll	새 로그가 들어오면 마지막 줄로 이동합니다.	Move to the latest log line automatically.
Log.Tooltip.Search	로그 메시지, 영역, 레벨, 소스를 검색합니다.	Search log message, area, level, or source.
Log.Tooltip.AllLogs	모든 로그를 표시합니다. 켜져 있으면 레벨/영역 필터가 비활성화됩니다.	Show every log line. Level and Area filters are disabled while this is on.
Log.Tooltip.FilterCombo	전체 로그를 끄면 레벨 또는 영역을 선택할 수 있습니다.	Turn off All Logs to choose Level or Area.
Localization.Title	다국어 편집기	Localization Editor
Localization.Language	현재 언어	Current Language
Localization.Search	검색	Search
Localization.Key	키	Key
Localization.Korean	한국어	Korean
Localization.English	English	English
Localization.Save	저장	Save
Localization.Reload	다시 읽기	Reload
Localization.Close	닫기	Close
Localization.Saved	다국어 catalog를 저장했습니다.	Localization catalog saved.
Localization.Reloaded	다국어 catalog를 다시 읽었습니다.	Localization catalog reloaded.
Localization.FilterHint	키 또는 문구 검색	Search key or text
Localization.MissingOnly	미번역만 보기	Missing only
Localization.Summary	표시 {0} / 전체 {1} / 미번역 {2}	Visible {0} / Total {1} / Missing {2}
PropertyGrid.Category.Parameter	기본	Parameter
PropertyGrid.Category.Threshold	이진화	Threshold
PropertyGrid.Category.Range	범위	Range
PropertyGrid.Category.Adaptive_Threshold	적응형 이진화	Adaptive Threshold
PropertyGrid.Category.ROI	ROI	ROI
PropertyGrid.Category.Image_Process	이미지 처리	Image Process
PropertyGrid.Category.Blob_Parameter	블랍	Blob
PropertyGrid.Category.Contour	컨투어	Contour
PropertyGrid.Category.Matching	매칭	Matching
PropertyGrid.Category.Edge	엣지	Edge
PropertyGrid.Category.Canny	Canny	Canny
PropertyGrid.Category.Sobel	Sobel	Sobel
PropertyGrid.Category.Scharr	Scharr	Scharr
PropertyGrid.Category.Laplacian	Laplacian	Laplacian
PropertyGrid.Category.Vertical_Line	수직선	Vertical Line
PropertyGrid.Category.Fit_Line	피팅 라인	Fit Line
PropertyGrid.Category.Filter	필터	Filter
PropertyGrid.Category.Kernel	커널	Kernel
PropertyGrid.Category.Bilateral	Bilateral	Bilateral
PropertyGrid.Category.Draw	표시	Draw
PropertyGrid.Category.Mean	평균	Mean
PropertyGrid.Category.Normalize	정규화	Normalize
PropertyGrid.Category.Step	Step	Step
PropertyGrid.Category.Acceptance	판정	Acceptance
PropertyGrid.Category.Morphology	모폴로지	Morphology
PropertyGrid.Category.Transform	변환	Transform
PropertyGrid.Property.NAME.DisplayName	이름	Name
PropertyGrid.Property.PIXELPERMM.DisplayName	Pixel / mm	Pixel / mm
PropertyGrid.Property.Enabled.DisplayName	사용	Enabled
PropertyGrid.Property.InputLayer.DisplayName	입력 레이어	Input Layer
PropertyGrid.Property.InputLayer.Description	이 Step에서 사용할 입력 이미지 레이어입니다. 연결된 Step은 보통 이전 Step의 출력 레이어를 입력으로 사용합니다.	Layer image used as this step input. Linked steps normally use the previous step output.
PropertyGrid.Property.OutputLayer.DisplayName	출력 레이어	Output Layer
PropertyGrid.Property.OutputLayer.Description	이 Step 결과를 저장할 레이어 이름입니다. 결과를 나중에 확인해야 하면 고유한 이름을 사용합니다.	Layer name that stores this step result. Use a unique name when the result must be reviewed later.
PropertyGrid.Property.UseAcceptance.DisplayName	판정 사용	Use Acceptance
PropertyGrid.Property.ExpectedSuccess.DisplayName	기대 결과	Expected Success
PropertyGrid.Property.MaxElapsedMilliseconds.DisplayName	최대 시간(ms)	Max Elapsed (ms)
PropertyGrid.Property.RequiredMessageText.DisplayName	필수 메시지	Required Message
PropertyGrid.Property.AcceptanceMetricName.DisplayName	판정 지표	Acceptance Metric
PropertyGrid.Property.AcceptanceMetricMinimum.DisplayName	지표 범위	Metric range
PropertyGrid.Property.USE_THRESHOLD.DisplayName	이진화 사용	Use threshold
PropertyGrid.Property.USE_BITWISENOT.DisplayName	결과 반전	Invert result
PropertyGrid.Property.THRESHOLD_TYPES.DisplayName	이진화 타입	Threshold type
PropertyGrid.Property.THRESHOLD.DisplayName	기준값	Threshold
PropertyGrid.Property.USE_ADAPTIVE_THRESHOLD.DisplayName	적응형 이진화 사용	Use adaptive threshold
PropertyGrid.Property.ADAPTIVE_THRESHOLD.DisplayName	적응형 기준값	Adaptive threshold
PropertyGrid.Property.ADAPTIVE_THRESHOLD_TYPES.DisplayName	적응형 결과 타입	Adaptive type
PropertyGrid.Property.ADAPTIVE_THRESHOLD_ALGORITHM.DisplayName	적응형 계산 방식	Adaptive algorithm
PropertyGrid.Property.BlockSize.DisplayName	블록 크기	Block size
PropertyGrid.Property.Weight.DisplayName	가중치	Weight
PropertyGrid.Property.USE_ROI.DisplayName	ROI 사용	Use ROI
PropertyGrid.Property.USE_MULTI_ROI.DisplayName	다중 ROI 사용	Use multi ROI
PropertyGrid.Property.CvROI.DisplayName	ROI	ROI
PropertyGrid.Property.CvROIS.DisplayName	ROI 목록	ROI list
PropertyGrid.Property.CvMASKS.DisplayName	마스킹	Masking
PropertyGrid.Property.Mode.DisplayName	모드	Mode
PropertyGrid.Property.Mode.Description	Threshold는 하나의 기준값, Range는 하한/상한 범위, Adaptive는 주변 픽셀을 기준으로 지역 이진화를 수행합니다.	Threshold uses one gray value, Range uses lower and upper gray limits, Adaptive calculates a local threshold.
PropertyGrid.Property.Threshold.Description	선택한 이진화 타입에 따라 픽셀을 분류할 단일 GV 기준값입니다.	Single threshold value. Pixels are classified by this gray level and the selected threshold type.
PropertyGrid.Property.MaxValue.DisplayName	최대값	Max value
PropertyGrid.Property.ThresholdType.DisplayName	이진화 타입	Threshold type
PropertyGrid.Property.RangeMin.DisplayName	최소값	Min value
PropertyGrid.Property.RangeMin.Description	하한/상한을 함께 조정하는 범위 이진화 기준입니다.	Combined range threshold lower limit.
PropertyGrid.Property.RangeMax.DisplayName	최대값	Max value
PropertyGrid.Property.Invert.DisplayName	반전	Invert
PropertyGrid.Property.AdaptiveType.DisplayName	계산 방식	Method
PropertyGrid.Property.AdaptiveType.Description	적응형 이진화 계산 알고리즘입니다. 조명 편차가 있으면 MeanC와 GaussianC를 비교합니다.	Adaptive threshold algorithm. Compare MeanC and GaussianC when illumination is uneven.
PropertyGrid.Property.AdaptiveThresholdType.DisplayName	결과 타입	Result type
PropertyGrid.Property.Shape.DisplayName	커널 형태	Shape
PropertyGrid.Property.Operator.DisplayName	연산	Operator
PropertyGrid.Property.KernelWidth.DisplayName	커널 너비	Kernel width
PropertyGrid.Property.KernelHeight.DisplayName	커널 높이	Kernel height
PropertyGrid.Property.Iterations.DisplayName	반복 횟수	Iterations
PropertyGrid.Property.FilterType.DisplayName	필터 타입	Filter type
PropertyGrid.Property.BorderType.DisplayName	외곽 처리	Border type
PropertyGrid.Property.MedianKernelSize.DisplayName	Median 커널	Median kernel size
PropertyGrid.Property.Diameter.DisplayName	직경	Diameter
PropertyGrid.Property.SigmaColor.DisplayName	Sigma Color	Sigma Color
PropertyGrid.Property.SigmaSpace.DisplayName	Sigma Space	Sigma Space
PropertyGrid.Property.EdgeType.DisplayName	엣지 타입	Edge type
PropertyGrid.Property.CannyThresholdLow.DisplayName	Low 기준값	Low threshold
PropertyGrid.Property.CannyThresholdHigh.DisplayName	High 기준값	High threshold
PropertyGrid.Property.CannyApertureSize.DisplayName	Aperture 크기	Aperture size
PropertyGrid.Property.UseL2Gradient.DisplayName	L2 Gradient 사용	Use L2 gradient
PropertyGrid.Property.SobelDegreeX.DisplayName	Sobel X 차수	Sobel X degree
PropertyGrid.Property.SobelDegreeY.DisplayName	Sobel Y 차수	Sobel Y degree
PropertyGrid.Property.SobelKernelSize.DisplayName	Sobel 커널	Sobel kernel size
PropertyGrid.Property.ScharrDegreeX.DisplayName	Scharr X 차수	Scharr X degree
PropertyGrid.Property.ScharrDegreeY.DisplayName	Scharr Y 차수	Scharr Y degree
PropertyGrid.Property.LaplacianKernelSize.DisplayName	Laplacian 커널	Laplacian kernel size
PropertyGrid.Property.Angle.DisplayName	회전 각도	Angle
PropertyGrid.Property.ScaleXPercent.DisplayName	X 스케일(%)	Scale X (%)
PropertyGrid.Property.ScaleYPercent.DisplayName	Y 스케일(%)	Scale Y (%)
PropertyGrid.Property.Interpolation.DisplayName	보간	Interpolation
PropertyGrid.Property.MIN_AREA.DisplayName	면적 범위	Area range
PropertyGrid.Property.MAX_AREA.DisplayName	최대 면적	Max area
PropertyGrid.Property.USE_APPROXPOLYDP.DisplayName	Approx poly 사용	Use approx poly
PropertyGrid.Property.USE_DRAW_IMAGE.DisplayName	결과 그리기	Draw result
PropertyGrid.Property.ApproximationModes.DisplayName	근사 방식	Approximation
PropertyGrid.Property.DetectMode.DisplayName	검색 모드	Retrieval mode
PropertyGrid.Property.EPSILON.DisplayName	근사 오차	Approx epsilon
PropertyGrid.Property.DrawColor.DisplayName	표시 색상	Draw color
PropertyGrid.Property.DrawThickness.DisplayName	선 두께	Draw thickness
PropertyGrid.Property.MATCH_MODE.DisplayName	매칭 방식	Match mode
PropertyGrid.Property.SCORE_MIN.DisplayName	최소 점수	Min score
PropertyGrid.Property.MAGNIFIATION.DisplayName	배율	Magnification
PropertyGrid.Property.NUM_MATCH.DisplayName	매칭 개수	Match count
PropertyGrid.Property.USE_FIND_ANGLE.DisplayName	각도 탐색 사용	Use angle search
PropertyGrid.Property.FIND_ANGLE.DisplayName	각도 간격	Angle step
PropertyGrid.Property.FIND_ANGLE_MAX.DisplayName	최대 각도	Max angle
PropertyGrid.Property.FIND_ANGLE_MIN.DisplayName	최소 각도	Min angle
PropertyGrid.Property.PATTERN_PATH.DisplayName	패턴 경로	Pattern path
PropertyGrid.Property.USE_CANNY.DisplayName	Canny 사용	Use canny
PropertyGrid.Property.CANNY_HIGH.DisplayName	Canny High	Canny high
PropertyGrid.Property.CANNY_LOW.DisplayName	Canny Low	Canny low
PropertyGrid.Property.USE_PADDING_COLOR_WHITE.DisplayName	흰색 패딩 사용	Use white padding
PropertyGrid.Property.PRJ_PORALITY.DisplayName	극성	Polarity
PropertyGrid.Property.PRJ_DIR.DisplayName	방향	Direction
PropertyGrid.Property.CONTRAST.DisplayName	대비	Contrast
PropertyGrid.Property.THICKNESS.DisplayName	두께	Thickness
PropertyGrid.Property.SAMPLING_STEP.DisplayName	샘플 간격	Sampling step
PropertyGrid.Property.VER_PRJ_DIR.DisplayName	수직선 방향	Vertical direction
PropertyGrid.Property.POINT_RANGE.DisplayName	포인트 범위	Point range
PropertyGrid.Property.USE_MANUAL_ANGLE.DisplayName	수동 각도 사용	Use manual angle
PropertyGrid.Property.MANUAL_ANGLE_VALUE.DisplayName	수동 각도	Manual angle
PropertyGrid.Property.USE_EXTEND_FIT_LINE.DisplayName	피팅 라인 연장	Extend fit line
PropertyGrid.Property.EXTEND_FIT_LINE_VALUE.DisplayName	연장 길이	Extend length
PropertyGrid.Property.AVERAGE_Diff.DisplayName	평균 차이	Average diff
PropertyGrid.Property.USE_AVERAGE_FILTER.DisplayName	평균 필터 사용	Use average filter
PropertyGrid.Property.AVERAGE_FILTER_TYPE.DisplayName	평균 필터 타입	Average filter type
PropertyGrid.Property.SHOW_VERTICAL_LINE.DisplayName	수직선 표시	Show vertical line
PropertyGrid.Property.SHOW_EDGE.DisplayName	엣지 표시	Show edge
PropertyGrid.Property.SHOW_CONTOUR.DisplayName	컨투어 라인 표시	Show contour line
PropertyGrid.Property.SHOW_FITLINE.DisplayName	피팅 라인 표시	Show fit line
LocalizerSmoke.Text	다국어 자동 적용 테스트	Localization Auto Apply Test
LocalizerSmoke.lblTitle.Text	자동 현지화 제목	Auto-localized Title
LocalizerSmoke.btnRun.Text	실행	Run
LocalizerSmoke.btnRun.ToolTip	현재 작업을 실행합니다.	Run the current action.
LocalizerSmoke.tbSearch.Placeholder	검색어 입력	Type search text
LocalizerSmoke.grid.colName.HeaderText	이름	Name
LocalizerSmoke.grid.colValue.HeaderText	값	Value
LocalizerSmoke.menuFile.Text	파일	File
LocalizerSmoke.menuOpen.Text	열기	Open
LocalizerSmoke.tabMain.Text	기본	Main
ImageCompare.Title	이미지 비교	Image Compare
ImageCompare.LoadImages	이미지 불러오기	Load Images
ImageCompare.FitAll	맞춤	Fit All
ImageCompare.SyncOn	Sync: ON	Sync: ON
ImageCompare.SyncOff	Sync: OFF	Sync: OFF
ImageCompare.NoImage	이미지 없음	No image
ImageCompare.Ready	대기	Ready
ImageCompare.SizeMismatch	크기 불일치	SIZE MISMATCH
ImageCompare.SizeMismatchDetected	이미지 크기 불일치 감지	Size mismatch detected
ImageCompare.StatusNoImage	{0:00} 이미지 없음	Image {0:00} no image
ImageCompare.StatusOut	{0:00} 영역 밖	Image {0:00} out
ImageCompare.DeltaOut	Delta vs {0:00}: 영역 밖	Delta vs {0:00}: out
ImageCompare.DeltaVs	Delta vs {0:00}	Delta vs {0:00}
ImageCompare.LoadFailed	이미지 비교 로드 실패.\n{0}	Image compare load failed.\n{0}
ImageCompare.ImageSlot	이미지 {0:00}	Image {0:00}
ImageCompare.ImagesCount	이미지: {0}/{1}	Images: {0}/{1}
ImageCanvas.LoadImage	이미지 불러오기	Load Image
ImageCanvas.SaveImage	이미지 저장	Save Image
LayerDisplay.EmptyTitle	이미지 없음	No image
LayerDisplay.EmptyMainDescription	기준 이미지를 불러오면 이 영역에 표시됩니다.	Load a reference image to display it here.
LayerDisplay.EmptyLayerDescription	레이어 이미지를 불러오면 이 영역에 표시됩니다.	Load a layer image to display it here.
LayerDisplay.LoadImageButton	이미지 불러오기	Load Image
LayerDisplay.Status.LayerEmpty	레이어 - · -	Layer - · -
LayerDisplay.Status.CanvasEmpty	캔버스 X:0 Y:0	Canvas X:0 Y:0
LayerDisplay.Status.ImageEmpty	이미지 X:0 Y:0 · 100%	Image X:0 Y:0 · 100%
LayerDisplay.Status.LayerNoImage	레이어 {0} · 이미지 없음	Layer {0} · No image
LayerDisplay.Status.CanvasDash	캔버스 -	Canvas -
LayerDisplay.Status.ImageDash	이미지 - · -	Image - · -
LayerDisplay.Status.LayerImage	레이어 {0} · {1}	Layer {0} · {1}
LayerDisplay.Status.Canvas	캔버스 X:{0} Y:{1}	Canvas X:{0} Y:{1}
LayerDisplay.Status.ImagePosition	이미지 X:{0} Y:{1} · {2:0}%	Image X:{0} Y:{1} · {2:0}%
LayerDisplay.Tooltip.ColorSwatch	현재 마우스 위치의 픽셀 색상입니다.	Pixel color at the current mouse position.
LayerDisplay.Tooltip.LayerNoImage	현재 레이어: {0}\n이미지 없음	Current layer: {0}\nNo image
LayerDisplay.Tooltip.CanvasEmpty	이미지가 로드되면 캔버스 좌표가 표시됩니다.	Canvas coordinates appear after an image is loaded.
LayerDisplay.Tooltip.ImageEmpty	이미지가 로드되면 이미지 좌표와 확대율이 표시됩니다.	Image coordinates and zoom appear after an image is loaded.
LayerDisplay.Tooltip.GvEmpty	이미지가 로드되면 Gray Value가 표시됩니다.	Gray Value appears after an image is loaded.
LayerDisplay.Tooltip.RgbEmpty	이미지가 로드되면 RGB 값이 표시됩니다.	RGB values appear after an image is loaded.
LayerDisplay.Tooltip.PixelEmpty	이미지가 로드되면 픽셀 색상이 표시됩니다.	Pixel color appears after an image is loaded.
LayerDisplay.Tooltip.LayerImage	현재 레이어: {0}\n이미지 크기: {1}	Current layer: {0}\nImage size: {1}
LayerDisplay.Tooltip.Canvas	캔버스 좌표(Bottom-Left 기준)\n{0}	Canvas coordinates (bottom-left origin)\n{0}
LayerDisplay.Tooltip.ImagePosition	이미지 좌표(Top-Left 기준) 및 확대율\n{0}	Image coordinates (top-left origin) and zoom\n{0}
LayerDisplay.Tooltip.Rgb	RGB 값\n{0}	RGB value\n{0}
LayerDisplay.Tooltip.PixelColor	픽셀 색상\nR:{0} G:{1} B:{2}	Pixel color\nR:{0} G:{1} B:{2}
WpfShell.Header.Title	라벨링 워크벤치	Labeling Workbench
WpfShell.Header.Subtitle	큐 / 캔버스 / 모델	Queue / Canvas / Model
WpfShell.Header.Save.Name	라벨 저장	Save labels
WpfShell.Header.Save.Text	라벨 저장	Save Labels
WpfShell.Header.Save.ToolTip	현재 박스와 확정 라벨을 저장합니다.	Save the current boxes and confirmed labels.
WpfShell.Header.Inspect.Name	현재 이미지 검사	Inspect current image
WpfShell.Header.Inspect.Text	현재 검사	Inspect
WpfShell.Header.Inspect.ToolTip	현재 이미지로 검사 모델을 실행합니다.	Run the inspection model on the current image.
WpfShell.Command.Unavailable.Busy	현재 작업이 끝나면 사용할 수 있습니다.	Available after the current operation finishes.
WpfShell.Command.Unavailable.InferenceMode	추론 검토 모드에서 사용할 수 있습니다. 상단의 추론 검토를 먼저 선택하세요.	Available in AI candidate review. Select AI Candidate Review at the top first.
WpfShell.Command.Unavailable.ModelRuntime	검사 모델 런타임이 준비되지 않았습니다. 설정/도구에서 모델 런타임을 확인하세요.	The inspection model runtime is not ready. Open Settings and Tools to review the model runtime.
WpfShell.Header.Tools.Name	설정/도구	Settings and tools
WpfShell.Header.Tools.Title	설정/도구	Settings / Tools
WpfShell.Header.Tools.ToolTip	설정과 보조 도구를 엽니다.	Open settings and supporting tools.
WpfShell.Language.Name	표시 언어	Display language
WpfShell.Language.ToolTip	메인 탐색과 기본 작업 안내 언어를 즉시 바꾸고 다음 실행에 저장합니다.	Change the main navigation and basic workflow guidance language now and save it for the next launch.
WpfShell.Stage.Label	단계	Stages
WpfShell.Stage.Dataset.Name	데이터셋 홈	Dataset home
WpfShell.Stage.Dataset.Text	1 데이터셋	1 Dataset
WpfShell.Stage.Dataset.ToolTip	새 데이터셋을 만들거나 기존 데이터셋을 열어 시작합니다.	Create a dataset or open an existing one to begin.
WpfShell.Stage.Labeling.Name	라벨링 워크벤치	Labeling workbench
WpfShell.Stage.Labeling.Text	2 라벨링	2 Labeling
WpfShell.Stage.Labeling.ToolTip	저장 라벨만 보며 정답을 만들고 저장합니다.	Create and save ground-truth labels while viewing saved labels only.
WpfShell.Stage.Inference.Name	AI 후보 검토	AI candidate review
WpfShell.Stage.Inference.Text	3 AI 후보	3 AI Candidates
WpfShell.Stage.Inference.ToolTip	검사 모델의 AI 후보를 저장 라벨로 확정하거나 후보만 숨깁니다.	Confirm model candidates as saved labels or hide the candidates.
WpfShell.Stage.Training.Name	학습/모델 센터	Training and model center
WpfShell.Stage.Training.Text	4 학습/모델	4 Training / Model
WpfShell.Stage.Training.ToolTip	데이터셋 점검, 학습 진행, 모델 후보 적용을 확인합니다.	Review dataset checks, training progress, and model candidate adoption.
WpfShell.Stage.Summary.Name	현재 작업 단계 요약	Current workflow stage summary
WpfShell.Workflow.Dataset.Progress	1/4 데이터셋	1/4 Dataset
WpfShell.Workflow.Dataset.Title	데이터셋 홈	Dataset Home
WpfShell.Workflow.Dataset.Detail	새 데이터셋을 만들거나 기존 데이터셋을 열고 저장 폴더와 이미지 폴더를 확인합니다.	Create or open a dataset, then verify its storage and image folders.
WpfShell.Workflow.Dataset.Next	다음: 라벨링 워크벤치에서 정답 라벨 저장	Next: Save ground-truth labels in the Labeling Workbench
WpfShell.Workflow.Labeling.Progress	2/4 라벨링	2/4 Labeling
WpfShell.Workflow.Labeling.Title	라벨링 워크벤치	Labeling Workbench
WpfShell.Workflow.Labeling.Detail	저장 라벨만 보며 박스를 그리고 클래스 확인 후 라벨 저장.	Draw boxes while viewing saved labels, confirm the class, then save.
WpfShell.Workflow.Labeling.Next	다음: 현재 검사로 AI 후보 만들기	Next: Inspect the current image to create AI candidates
WpfShell.Workflow.Inference.Progress	3/4 AI 후보(선택)	3/4 AI Candidates (Optional)
WpfShell.Workflow.Inference.Title	AI 후보 검토(선택)	AI Candidate Review (Optional)
WpfShell.Workflow.Inference.Detail	모델이 만든 자동 라벨 후보가 있을 때만 맞는 후보를 저장 라벨로 확정합니다. 직접 라벨링만 할 때는 건너뜁니다.	When model candidates exist, confirm correct ones as saved labels. Skip this stage for manual-only labeling.
WpfShell.Workflow.Inference.Next	다음: 후보가 없으면 4 학습/모델, 있으면 확정 또는 숨김	Next: Go to 4 Training / Model if none exist; otherwise confirm or hide candidates
WpfShell.Workflow.Training.Progress	4/4 학습/모델	4/4 Training / Model
WpfShell.Workflow.Training.Title	학습/모델 센터	Training / Model Center
WpfShell.Workflow.Training.Detail	데이터셋 점검, 학습 진행, best.pt 후보와 현재 검사 모델을 구분해 확인합니다.	Review dataset checks and training, and distinguish the best.pt candidate from the current inspection model.
WpfShell.Workflow.Training.Next	다음: 검증 후 모델 저장 또는 현재 검사로 확인	Next: Validate, then save the model or inspect the current image
WpfShell.Dataset.Current	현재 데이터셋	Current dataset
WpfShell.Dataset.Unselected	데이터셋 미선택	No dataset selected
WpfShell.Dataset.Purpose.Unselected	목적 미선택	No purpose selected
WpfShell.Dataset.Purpose.ObjectDetection	객체 탐지	Object Detection
WpfShell.Dataset.Purpose.Segmentation	세그멘테이션	Segmentation
WpfShell.Dataset.Purpose.AnomalyDetection	이상 탐지	Anomaly Detection
WpfShell.Dataset.Storage.Name	라벨 및 레시피 저장 폴더	Label and recipe storage folder
WpfShell.Dataset.Storage.Text	저장 폴더	Storage folder
WpfShell.Dataset.Storage.Empty	데이터셋을 열거나 새로 만드세요	Open or create a dataset
WpfShell.Dataset.Storage.Summary	라벨/레시피 저장: {0}	Label/recipe storage: {0}
WpfShell.Dataset.Images.Name	원본 이미지 폴더	Source image folder
WpfShell.Dataset.Images.Text	이미지 폴더	Image folder
WpfShell.Dataset.Images.Empty	이미지 폴더를 선택하세요	Select an image folder
WpfShell.Dataset.Images.Summary	원본 이미지 폴더: {0}	Source image folder: {0}
WpfShell.Dataset.Basis.Name	작업 기준	Workflow basis
WpfShell.Dataset.Basis.Text	기준	Basis
WpfShell.Dataset.Source.Classes	클래스: 레시피 {0}개	Classes: {0} in recipe
WpfShell.Dataset.Source.ClassesMissing	클래스: 레시피 확인 필요	Classes: Check recipe
WpfShell.Dataset.Source.LabelsMissing	라벨: 저장 폴더 미설정	Labels: Storage not set
WpfShell.Dataset.Source.LabelsReady	라벨: 저장 폴더 기준	Labels: From storage folder
WpfShell.Dataset.Change.Name	데이터셋 선택	Select dataset
WpfShell.Dataset.Change.Text	데이터셋	Dataset
WpfShell.Dataset.Change.ToolTip	이미 만들어진 데이터셋을 선택해 엽니다.	Select and open an existing dataset.
WpfShell.Dataset.OpenStorage.Name	라벨 및 레시피 저장 폴더 열기	Open label and recipe storage folder
WpfShell.Dataset.OpenStorage.Text	저장 폴더	Storage
WpfShell.Dataset.OpenStorage.ToolTip	현재 데이터셋의 라벨, 레시피, 학습 산출물 저장 폴더를 엽니다.	Open the folder containing labels, recipes, and training outputs for this dataset.
WpfShell.Dataset.ChangeImages.Name	이미지 폴더 변경	Change image folder
WpfShell.Dataset.ChangeImages.Text	이미지 폴더	Images
WpfShell.Dataset.ChangeImages.ToolTip	원본 이미지 폴더를 다시 선택합니다. 저장 폴더의 기존 라벨은 유지됩니다.	Choose the source image folder again. Existing labels in storage are preserved.
WpfShell.Dataset.Tooltip.Dataset	데이터셋: {0}	Dataset: {0}
WpfShell.Dataset.Tooltip.Purpose	목적: {0}	Purpose: {0}
WpfShell.Dataset.Tooltip.Storage	라벨/레시피 저장 폴더: {0}	Label/recipe storage folder: {0}
WpfShell.Dataset.Tooltip.Images	원본 이미지 폴더: {0}	Source image folder: {0}
WpfShell.Dataset.Tooltip.Basis	작업 기준: 클래스는 Recipe, 라벨은 저장 폴더 기준입니다.	Workflow basis: Classes come from the recipe; labels come from the storage folder.
WpfShell.Dataset.Tooltip.Classes	클래스 목록: 현재 Recipe에 저장됩니다.	Class list: Saved in the current recipe.
WpfShell.Dataset.Tooltip.Labels	라벨 파일: 저장 폴더(data/*/labels)에서 읽고 씁니다.	Label files: Read and written under the storage folder (data/*/labels).
WpfShell.Dataset.Tooltip.ChangeImages	이미지 폴더 변경: 원본 이미지 목록만 바꾸며 기존 저장 라벨은 유지됩니다.	Changing the image folder updates only the source list and preserves saved labels.
WpfShell.Splitter.WorkPanel.Name	작업 패널 너비 조절	Resize work panel
WpfShell.Splitter.WorkPanel.ToolTip	드래그하여 작업 패널과 캔버스 너비를 조절합니다.	Drag to resize the work panel and canvas.
WpfShell.Splitter.ImageQueue.Name	이미지 큐 너비 조절	Resize image queue
WpfShell.Splitter.ImageQueue.ToolTip	드래그하여 캔버스와 이미지 큐 너비를 조절합니다.	Drag to resize the canvas and image queue.
WpfShell.Right.WorkPanel	작업 패널	Work panel
WpfShell.Right.StageTabs	현재 단계 작업 탭	Current stage tabs
WpfShell.Right.Dataset.Name	데이터셋 홈 보기	Show dataset home
WpfShell.Right.Dataset.Text	데이터셋	Dataset
WpfShell.Right.Dataset.ToolTip	데이터셋 준비, 이미지, 작업 순서를 보여줍니다.	Show dataset setup, images, and workflow order.
WpfShell.Right.Labels.Name	저장 라벨 보기	Show saved labels
WpfShell.Right.Labels.Text	라벨	Labels
WpfShell.Right.Labels.ToolTip	저장된 라벨을 보고 수정합니다.	View and edit saved labels.
WpfShell.Right.Task.Name	현재 작업 보기	Show current task
WpfShell.Right.Task.Text	작업	Task
WpfShell.Right.Task.ToolTip	현재 이미지에서 다음으로 할 라벨링 작업을 보여줍니다.	Show the next labeling task for the current image.
WpfShell.Right.Classes.Name	클래스 관리 보기	Show class management
WpfShell.Right.Classes.Text	클래스	Classes
WpfShell.Right.Classes.ToolTip	라벨 클래스를 추가하거나 수정합니다.	Add or edit label classes.
WpfShell.Right.AiCandidates.Name	AI 후보 보기	Show AI candidates
WpfShell.Right.AiCandidates.Text	AI 후보	AI Candidates
WpfShell.Right.AiCandidates.ToolTip	AI 후보 검토 패널로 이동합니다.	Open the AI candidate review panel.
WpfShell.Right.Inspect.Name	현재 검사	Inspect current image
WpfShell.Right.Inspect.Text	현재 검사	Inspect
WpfShell.Right.Inspect.ToolTip	현재 이미지로 모델 검사를 실행합니다.	Run model inspection on the current image.
WpfShell.Right.Training.Name	학습/모델 보기	Show training and models
WpfShell.Right.Training.Text	학습/모델	Training / Model
WpfShell.Right.Training.ToolTip	학습, 데이터셋 점검, 모델 이력을 확인합니다.	Review training, dataset checks, and model history.
WpfShell.Right.ViewHost	작업 단계 화면	Workflow stage view
WpfShell.Right.Tab.SavedLabels	저장 라벨	Saved Labels
WpfShell.Right.Tab.AiCandidates	AI 후보	AI Candidates
WpfShell.Right.Tab.GuideTools	가이드/도구	Guide / Tools
WpfShell.Right.Tab.Classes	클래스	Classes
WpfShell.Right.Tab.Model	모델	Model
WpfShell.Right.CollapsedRail	접힌 작업 패널	Collapsed work panel
WpfShell.Right.ContextBadge	작업 패널 현재 보기	Current work panel view
WpfShell.Right.Open.Name	작업 패널 열기	Open work panel
WpfShell.Right.Open.Text	열기	Open
WpfShell.Right.Title.Dataset	데이터셋 홈	Dataset Home
WpfShell.Right.Title.Classes	클래스	Classes
WpfShell.Right.Title.CurrentTask	현재 작업	Current Task
WpfShell.Right.Title.SavedLabels	저장 라벨	Saved Labels
WpfShell.Right.Title.AiCandidates	AI 후보 검토	AI Candidate Review
WpfShell.Right.Title.TrainingModel	학습/모델	Training / Model
WpfShell.Right.Detail.Dataset	데이터셋 준비와 이미지/클래스 상태를 확인합니다.	Review dataset setup and image/class status.
WpfShell.Right.Detail.DatasetClasses	데이터셋 목적에 맞는 클래스 이름과 색상을 관리합니다.	Manage class names and colors for the dataset purpose.
WpfShell.Right.Detail.CurrentTask	현재 이미지의 확인, 확정, 스킵 중 다음 행동을 보여줍니다.	Show whether to review, confirm, or skip next for the current image.
WpfShell.Right.Detail.Classes	라벨 클래스 이름과 색상을 관리합니다.	Manage label class names and colors.
WpfShell.Right.Detail.SavedLabels	현재 이미지의 저장 라벨을 확인하고 수정합니다.	Review and edit saved labels for the current image.
WpfShell.Right.Detail.AiCandidates	모델 후보 검토용입니다. 직접 라벨링만 했다면 건너뜁니다.	Review model candidates here. Skip this when using manual labeling only.
WpfShell.Right.Detail.TrainingModel	학습 결과 모델과 현재 검사 모델을 확인합니다.	Review the trained candidate and current inspection model.
WpfShell.Right.Rail.Home	홈	Home
WpfShell.Right.Rail.Task	작업	Task
WpfShell.Right.Rail.Classes	클래스	Classes
WpfShell.Right.Rail.Labels	라벨	Labels
WpfShell.Right.Rail.AiCandidates	AI 후보	AI
WpfShell.Right.Rail.Model	모델	Model
WpfShell.Right.Dock.Collapse	접기	Collapse
WpfShell.Right.Dock.Expand	열기	Open
WpfShell.Right.Dock.ModelWorkspace	학습/모델 센터는 현재 화면 전체 너비로 표시됩니다.	The Training / Model Center uses the full workspace width.
WpfShell.Right.Dock.Collapse.ToolTip	작업 패널을 접고 캔버스 공간을 넓힙니다.	Collapse the work panel to widen the canvas.
WpfShell.Right.Dock.Expand.ToolTip	작업 패널을 열어 라벨, 도구, 모델 설정을 확인합니다.	Open the work panel to review labels, tools, and model settings.
WpfShell.Canvas.AnnotationTools	라벨링 도구	Labeling tools
WpfShell.Status.InferenceWaiting	추론: 실행 대기	Inference: Waiting to run
WpfShell.Status.Waiting	대기	Ready
WpfShell.Status.InferenceHeader	추론 상태	Inference status
WpfShell.Status.ModelNone	검사 모델: 없음	Inspection model: none
WpfShell.Status.ModelToolTip	현재 추론에 사용할 모델을 표시합니다.	Shows the model used for current inference.
WpfShell.Status.LabelSaveWaiting	라벨 대기	Labels waiting
WpfShell.Status.LabelSaveRequired	라벨 저장 필요	Labels require saving
WpfShell.Status.LabelSaveToolTip	이미지를 열면 라벨 저장 상태를 표시합니다.	Shows the label save state after an image is opened.
WpfShell.Log.Count	로그 {0}건	Log {0} entries
WpfShell.Log.Latest	최근 로그: {0}	Recent log: {0}
WpfShell.Log.Empty	최근 로그: 내용 없음	No recent log
WpfShell.Log.Toggle.Open	로그 열기	Open log
WpfShell.Log.Toggle.Close	로그 접기	Close log
WpfShell.Log.Toggle.Open.ToolTip	하단 상세 로그를 열어 실행 이력을 확인합니다.	Open the detailed log at the bottom to review execution history.
WpfShell.Log.Toggle.Close.ToolTip	하단 로그를 접고 캔버스 세로 공간을 넓힙니다.	Collapse the bottom log and widen the canvas vertically.
WpfShell.Log.Startup	시작 완료. 추론은 사용자가 명시적으로 실행할 때만 시작합니다.	startup complete. inference starts only when explicitly run by the user.
WpfShell.Status.DatasetSummary	데이터셋: {0}/{1} 이미지 / 완료 {2}{3}{4}{5}	Dataset: {0}/{1} images / {2} complete{3}{4}{5}
WpfShell.Status.DatasetActiveImage	{0} / 현재 {1}	{0} / Current: {1}
WpfShell.Status.DatasetDetailProgress	데이터셋: {0}/{1} 이미지 / 상태 확인 {2}/{3}{4}	Dataset: {0}/{1} images / Loading details {2}/{3}{4}
WpfShell.Status.DatasetDetailActiveImage	 / 현재 {0}	 / Current: {0}
WpfShell.Status.DatasetLoaded	데이터셋: {0}  {1}x{2}	Dataset: {0}  {1}x{2}
WpfShell.Status.DatasetFilter	 / 필터 {0}	 / Filter: {0}
WpfShell.Status.DatasetLoading	 / 로드 {0}/{1}	 / Loading {0}/{1}
WpfShell.Status.Model	모델: {0}	Model: {0}
WpfShell.Status.ModelCapability	모델 기능: {0}	Model capability: {0}
WpfShell.Status.ModelState.NotInstalled	미설치	Not installed
WpfShell.Status.ModelState.ConfigurationRequired	설정 확인 필요	Configuration required
WpfShell.Status.ToolSelected	도구: 선택	Tool: selected
WpfShell.Status.InspectionModel	검사 모델: {0} / {1}	Inspection model: {0} / {1}
WpfShell.Status.InspectionCandidate	검사 후보: {0} / {1}	Inspection candidate: {0} / {1}
WpfShell.Status.InferenceReady	추론: 준비 완료	Inference: Ready
WpfShell.Status.LabelSaved	라벨 저장됨	Labels saved
WpfShell.Status.LabelSaved.ToolTip	현재 라벨이 파일에 저장되었습니다.	The current labels were saved to the file.
WpfCanvas.Workflow.NoImageAction	이미지 큐에서 작업할 이미지를 열고 첫 라벨을 시작하세요.	Open an image from the image queue and start the first label.
WpfCanvas.FirstLabelLoop	순서: 그리기 -> 라벨 저장 -> 다음 이미지	Flow: Draw -> Save label -> Next image
WpfCanvas.ShortcutF1	단축키 F1	Shortcut F1
WpfCanvas.ShortcutSummary	V 선택 · R 박스 · P 폴리곤 · B 브러시 · E 지우개 · H 이동 · 1~9 클래스 · 0 클래스 관리	V Select · R Box · P Polygon · B Brush · E Eraser · H Pan · 1–9 Classes · 0 Class management
WpfCanvas.ShortcutHelp	도구  V 선택  R 박스  P 폴리곤  B 브러시  E 지우개  H 이동\n클래스  1~9 빠른 선택  0 클래스 관리\n반복/편집  N 마지막 도구+클래스  Ctrl+D 선택 복제  Ctrl+Z/Y 실행 취소/다시 실행\nSmart Mask  세그멘테이션에서 자동 윤곽 켜기 → R 박스 → 후보 검토\n보정  포함/제외점 1개씩 → 후보 다시 생성 → 이전/현재 후보 비교 → 확정 또는 스킵\n저장  후보 생성·복원은 저장하지 않으며, 확정은 표시 중인 후보를 정답 파일에 저장합니다.\nF1 도움말 닫기 · 입력 상자 편집 중에는 라벨링 단축키가 실행되지 않습니다.	Tools  V Select  R Box  P Polygon  B Brush  E Eraser  H Pan\nClasses  1–9 quick select  0 class management\nRepeat/Edit  N last tool+class  Ctrl+D duplicate selection  Ctrl+Z/Y undo/redo\nSmart Mask  Enable auto contour in Segmentation → R box → review candidates\nCorrection  Add one include/exclude point → regenerate → compare previous/current → confirm or skip\nSave  Candidate generation/restoration does not save; confirmation saves the displayed candidate to the label file.\nF1 closes help · Labeling shortcuts do not run while editing an input field.
WpfCanvas.Static.Canvas	캔버스	Canvas
WpfCanvas.Static.Fit	맞춤	Fit
WpfCanvas.Static.Fit.ToolTip	이미지를 캔버스에 맞춥니다.	Fit the image to the canvas.
WpfCanvas.Static.ActualSize	1:1	1:1
WpfCanvas.Static.ActualSize.ToolTip	이미지를 1:1 픽셀 크기로 표시합니다.	Show the image at 1:1 pixel size.
WpfCanvas.Static.Pan	이동	Pan
WpfCanvas.Static.Pan.ToolTip	이미지 이동 모드로 전환합니다.	Switch to image pan mode.
WpfCanvas.Static.DisplayAdjustment	보기 보정	Display adjustment
WpfCanvas.Static.DisplayAdjustment.ToolTip	밝기·대비·감마 등을 화면에만 적용합니다. 원본, 저장, 학습 이미지는 바뀌지 않습니다.	Apply brightness, contrast, and gamma to the display only. The source, saved labels, and training images do not change.
WpfCanvas.Static.Reset	초기화	Reset
WpfCanvas.Static.DisplayOnly	표시 전용 · 원본/저장/학습 불변	Display only · source/saved/training unchanged
WpfCanvas.Static.Brightness	밝기	Brightness
WpfCanvas.Static.Contrast	대비	Contrast
WpfCanvas.Static.Gamma	감마	Gamma
WpfCanvas.Static.Invert	색상 반전	Invert colors
WpfCanvas.Static.HistogramEqualization	히스토그램 평활화	Histogram equalization
WpfCanvas.Static.Candidate	후보	Candidate
WpfCanvas.Static.ClearCandidate	후보 지움	Clear candidates
WpfCanvas.Static.Tools	도구	Tool
WpfCanvas.Static.Next	다음	Next
WpfCanvas.Static.QuickTools	빠른 도구	Quick tools
WpfCanvas.Static.LabelingOptions	라벨링 옵션	Labeling options
WpfCanvas.Static.CurrentTool	현재 도구	Current tool
WpfCanvas.Static.CurrentToolName	현재 도구: {0}	Current tool: {0}
WpfCanvas.Static.NextObject	다음 객체	Next object
WpfCanvas.Static.SmartMaskAutoCandidate	Smart Mask 자동 후보	Smart Mask auto candidate
WpfCanvas.Static.PreviousCandidate	이전 후보 보기	View previous candidate
WpfCanvas.Static.CurrentCandidate	현재 후보 보기	View current candidate
WpfCanvas.Static.IncludePoint	+ 포함점	+ Include point
WpfCanvas.Static.ExcludePoint	− 제외점	− Exclude point
WpfCanvas.Static.UndoPoint	점 취소	Undo point
WpfCanvas.Static.ClearPoints	점 지우기	Clear points
WpfCanvas.Static.CancelGeneration	생성 취소	Cancel generation
WpfCanvas.Static.Boundary	경계	Boundary
WpfCanvas.Static.DetectionResult	검출 결과	Detection result
WpfCanvas.Static.ShortcutCard	라벨링 단축키 카드	Labeling shortcuts card
WpfCanvas.Static.ShortcutTitle	라벨링 단축키	Labeling shortcuts
WpfCanvas.ViewerStatus.RobotPosition	좌표(좌하) : {0}	Coordinates (bottom-left): {0}
WpfCanvas.ViewerStatus.ImagePosition	이미지좌표(좌상) : {0}	Image coordinates (top-left): {0}
WpfCanvas.ViewerStatus.PixelColor	색상 : {0}	Color: {0}
WpfCanvas.DisplayMode.Labels	라벨 편집	Edit labels
WpfCanvas.DisplayMode.Inference	AI 검토	Review AI
WpfCanvas.DisplayMode.Both	비교	Compare
WpfCanvas.Workflow.LabelingStart	라벨링 시작: 빠른 도구에서 박스나 브러시를 선택하고 캔버스에 그리세요.	Start labeling: choose a box or brush from Quick tools and draw on the canvas.
WpfCanvas.Save.Action	저장 완료	Saved
WpfCanvas.Save.NoObject	객체 없음	No object
WpfCanvas.Save.StatusSaved	파일 저장됨	File saved
WpfCanvas.Save.StatusWaiting	이미지 대기	Waiting for image
WpfCanvas.Save.StatusDetail	이미지를 열면 현재 라벨의 파일 저장 상태를 표시합니다.	Open an image to see the file save state of its labels.
WpfCanvas.Save.ToolTip	현재 이미지의 라벨 저장 상태입니다.	Save state for the current image labels.
WpfCanvas.ActiveClass.Title	다음 라벨: {0}	Next label: {0}
WpfCanvas.ActiveClass.Detail	새로 그리는 박스/마스크는 {0} 클래스로 저장됩니다. 캔버스 1~9는 선택 단축키이며 YOLO 인덱스를 바꾸지 않습니다.	New boxes/masks are saved as class {0}. Canvas 1–9 are selection shortcuts and do not change the YOLO index.
WpfCanvas.ActiveClass.Action	클래스 관리	Manage classes
WpfCanvas.ActiveClass.Action.ToolTip	오른쪽 클래스 패널을 열어 새 라벨 이름을 추가하거나 다음 라벨 클래스를 바꿉니다.	Open the class panel on the right to add a label name or change the next label class.
WpfCanvas.ActiveClass.MissingTitle	클래스 먼저 등록	Register a class first
WpfCanvas.ActiveClass.MissingDetail	오른쪽 클래스에서 OK, NG처럼 모델이 배울 이름을 추가한 뒤 박스를 그리세요.	Add names the model should learn, such as OK or NG, in the class panel before drawing boxes.
WpfCanvas.ActiveClass.MissingAction	클래스 등록	Register class
WpfCanvas.ActiveClass.MissingAction.ToolTip	오른쪽 클래스 패널에서 라벨 이름과 색상을 관리합니다.	Manage label names and colors in the class panel on the right.
WpfCanvas.Layer.UnsavedSuffix	 / 저장 전 변경 있음	 / unsaved changes
WpfCanvas.Layer.Labels.Shown	라벨 {0}개 표시{1}	Labels: {0} shown{1}
WpfCanvas.Layer.Labels.Hidden	라벨 {0}개 숨김{1}	Labels: {0} hidden{1}
WpfCanvas.Layer.Candidates.Shown	AI 후보 {0}개 표시	AI candidates: {0} shown
WpfCanvas.Layer.Candidates.Hidden	AI 후보 {0}개 숨김	AI candidates: {0} hidden
WpfCanvas.LayerMode.Inference.Title	작업: AI 후보 검토	Work: Review AI candidates
WpfCanvas.LayerMode.Inference.Detail	저장 라벨은 숨김. AI 후보를 확인한 뒤 라벨로 확정하거나 스킵합니다.	Saved labels are hidden. Review AI candidates, then confirm or skip them as labels.
WpfCanvas.LayerMode.Both.Title	작업: 라벨+AI 비교	Work: Compare labels + AI
WpfCanvas.LayerMode.Both.Detail	저장 라벨과 AI 후보를 함께 보며 겹침/누락을 비교합니다.	Compare overlap and omissions while viewing saved labels and AI candidates together.
WpfCanvas.LayerMode.Labels.Title	작업: 저장 라벨 편집	Work: Edit saved labels
WpfCanvas.LayerMode.Labels.Detail	AI 후보는 숨김. 저장된 라벨만 선택/수정/저장합니다.	AI candidates are hidden. Select, edit, and save saved labels only.
WpfCanvas.NoObject.NoImage.ToolTip	이미지를 먼저 열면 객체 없음으로 완료할 수 있습니다.	Open an image first to complete it as no object.
WpfCanvas.NoObject.HasLabels.ToolTip	이미 라벨된 객체가 있습니다. 객체 없음으로 완료하려면 기존 라벨을 먼저 삭제하세요.	Labeled objects already exist. Delete the existing labels before completing as no object.
WpfCanvas.NoObject.HasCandidates.ToolTip	남은 AI 후보가 있습니다. 후보를 확정하거나 숨긴 뒤 객체 없음으로 완료하세요.	AI candidates remain. Confirm or hide them before completing as no object.
WpfCanvas.NoObject.Ready.ToolTip	라벨을 만들지 않고 빈 YOLO 라벨 파일을 저장한 뒤 다음 미완료 이미지로 이동합니다.	Save an empty YOLO label file without creating labels, then move to the next unfinished image.
WpfCanvas.Save.WaitingAction	저장 대기	Waiting to save
WpfCanvas.Save.StatusDirty	저장 필요	Save required
WpfCanvas.Save.StatusDirtyDetail	현재 이미지의 라벨 편집이 아직 파일에 반영되지 않았습니다.	Label edits for the current image are not in the file yet.
WpfCanvas.Save.StatusSavedDetail	현재 이미지의 라벨이 저장 폴더에 반영되었습니다.	Labels for the current image were written to the storage folder.
WpfClassCatalog.Panel.Title	클래스	Classes
WpfClassCatalog.Section.Classes	클래스	Classes
WpfClassCatalog.ClassName.ToolTip	클래스 이름	Class name
WpfClassCatalog.Add.Name	클래스 추가	Add class
WpfClassCatalog.Add.ToolTip	클래스 추가	Add a class
WpfClassCatalog.Add.Text	추가	Add
WpfClassCatalog.Archive.Name	선택한 클래스 보관	Archive selected class
WpfClassCatalog.Archive.ToolTip	선택한 클래스는 보관하지만 기존 YOLO 번호와 라벨 의미는 유지합니다.	Archive the selected class while keeping existing YOLO indices and label meaning.
WpfClassCatalog.Archive.Text	보관	Archive
WpfClassCatalog.Restore.Name	보관 클래스 복원	Restore archived class
WpfClassCatalog.Restore.ToolTip	보관한 클래스를 새 라벨 선택에 다시 표시합니다.	Restore this archived class to new-label selection.
WpfClassCatalog.Restore.Text	복원	Restore
WpfClassCatalog.Rename.Name	선택한 클래스 이름 변경	Rename selected class
WpfClassCatalog.Rename.ToolTip	선택한 클래스 이름 변경	Rename the selected class
WpfClassCatalog.Rename.Text	변경	Rename
WpfClassCatalog.Color.Name	클래스 색상	Class color
WpfClassCatalog.Color.ToolTip	클래스 색상을 선택하세요. 정상은 초록, 불량은 빨강처럼 현장 기준으로 구분합니다.	Select a class color. Use a consistent field convention, such as green for normal and red for defects.
WpfClassCatalog.Color.Section	선택 클래스 색상(필요 시)	Selected class color (optional)
WpfClassCatalog.Color.Apply.Name	선택한 클래스 색상 적용	Apply selected class color
WpfClassCatalog.Color.Apply.ToolTip	선택한 클래스 색상 적용	Apply the selected class color
WpfClassCatalog.Color.Apply.Text	색 적용	Apply color
WpfClassCatalog.Guide.Title	클래스 관리	Class management
WpfClassCatalog.Guide.Detail	레시피의 클래스 이름/색상과 보관 상태를 관리합니다. 보관해도 기존 YOLO 번호는 유지됩니다. 저장 폴더는 데이터셋 홈에서 확인하세요.	Manage recipe class names, colors, and archive state. Archiving keeps existing YOLO indices. Check the storage folder in Dataset Home.
WpfClassCatalog.Summary	등록 클래스 {0}개 / 선택: {1}	{0} registered classes / Selected: {1}
WpfClassCatalog.Selection.None	없음	None
WpfClassCatalog.Current.Title	현재 그릴 클래스	Current drawing class
WpfClassCatalog.Current.EmptyDetail	선택된 클래스가 없습니다. OK, NG처럼 모델이 배울 클래스를 먼저 추가하세요.	No class is selected. Add the classes the model should learn, such as OK and NG.
WpfClassCatalog.Current.SelectedDetail	{0} - 캔버스에서 새 박스를 그리면 이 클래스가 기본 적용됩니다.	{0} - New boxes drawn on the canvas use this class by default.
WpfClassCatalog.Current.ArchivedDetail	보관된 클래스는 새 라벨에 사용하지 않습니다. 필요하면 복원하세요.	Archived classes are not used for new labels. Restore one when needed.
WpfClassCatalog.Action.Empty	먼저 OK, NG처럼 모델이 배울 클래스를 추가하세요.	First add the classes the model should learn, such as OK and NG.
WpfClassCatalog.Action.Populated	이름 추가/변경과 보관/복원이 주 작업입니다. 색상은 필요할 때만 펼치세요.	Adding, renaming, archiving, and restoring are the main tasks. Expand colors only when needed.
WpfClassCatalog.Recipe.Title	레시피 클래스 (YOLO 인덱스)	Recipe classes (YOLO indices)
WpfClassCatalog.Recipe.Guide	이 목록 순서가 data.yaml, YOLO 라벨, 학습, AI 결과 매핑의 클래스 인덱스입니다.	This order is the class index used by data.yaml, YOLO labels, training, and AI-result mapping.
WpfClassCatalog.IndexContract	숫자는 저장·학습에 쓰는 YOLO 인덱스입니다. 이름 변경·보관·복원은 번호를 유지합니다. 보관 클래스는 새 라벨 선택에서 숨기지만 기존 라벨과 data.yaml에는 남습니다. 캔버스 1~9는 그릴 활성 클래스 선택 단축키입니다.	The number is the YOLO index used for storage and training. Renaming, archiving, and restoring keep the number. Archived classes are hidden from new-label selection but remain in existing labels and data.yaml. Canvas keys 1–9 select active drawing classes.
WpfClassCatalog.ColorPreset.Normal	정상	Normal
WpfClassCatalog.ColorPreset.Defect	불량	Defect
WpfClassCatalog.ColorPreset.Warning	주의	Warning
WpfClassCatalog.ColorPreset.Review	검토	Review
WpfClassCatalog.ColorPreset.Segmentation	세그	Segmentation
WpfClassCatalog.ColorPreset.ForeignMaterial	이물	Foreign material
WpfClassCatalog.Item.ToolTip	YOLO 인덱스 {0}: {1}\n이 숫자가 저장·학습·AI 결과 매핑에 사용됩니다.	YOLO index {0}: {1}\nThis number is used for storage, training, and AI-result mapping.
WpfClassCatalog.Item.Archived	보관됨	Archived
WpfClassCatalog.Item.ArchivedToolTip	YOLO 인덱스 {0}: {1}\n보관됨: 기존 라벨·data.yaml·학습 매핑에는 유지되고 새 라벨 선택에서는 숨깁니다.	YOLO index {0}: {1}\nArchived: kept for existing labels, data.yaml, and training mapping; hidden from new-label selection.
WpfClassCatalog.Status.Initial	클래스 이름을 입력하고 추가를 누르세요.	Enter a class name and press Add.
WpfImageQueue.Panel.Title	이미지 큐	Image Queue
WpfImageQueue.LoadConfigured.Name	설정 폴더	Configured folder
WpfImageQueue.LoadConfigured.ToolTip	설정된 이미지 폴더 불러오기	Load the configured image folder
WpfImageQueue.Browse.Name	폴더	Folder
WpfImageQueue.Browse.ToolTip	이미지 폴더 선택	Choose an image folder
WpfImageQueue.Refresh.Name	새로고침	Refresh
WpfImageQueue.Refresh.ToolTip	이미지 목록 새로고침	Refresh the image list
WpfImageQueue.Next.Standard	다음 미완료	Next unfinished
WpfImageQueue.Next.Anomaly	다음 미판정	Next unreviewed
WpfImageQueue.Next.Standard.ToolTip	저장됨/객체없음 이미지는 건너뛰고 라벨이 필요한 다음 이미지를 엽니다.	Skip saved/no-object images and open the next image that needs labeling.
WpfImageQueue.Next.Anomaly.ToolTip	정상(OK) 또는 이상(NG) 판정이 없는 다음 이미지를 엽니다.	Open the next image without a normal (OK) or abnormal (NG) decision.
WpfImageQueue.OpenSelected.Name	열기	Open
WpfImageQueue.OpenSelected.ToolTip	선택 이미지를 다시 열기	Reopen the selected image
WpfImageQueue.CurrentFolder.Open.Name	현재 이미지 폴더 열기	Open current image folder
WpfImageQueue.CurrentFolder.Open.ToolTip	현재 이미지 폴더를 파일 탐색기에서 엽니다.	Open the current image folder in File Explorer.
WpfImageQueue.Worklist.Title	확인 필요 Worklist	Needs review worklist
WpfImageQueue.Worklist.Summary.Standard	미판정 · 저장 필요 · AI 후보 · 검사 실패 · 수정 필요	Unreviewed · save required · AI candidates · inspection failed · needs fix
WpfImageQueue.Worklist.Summary.Anomaly	미판정 OK/NG 이미지만 모아 순서대로 확인	Review only unreviewed OK/NG images in order
WpfImageQueue.Worklist.ToolTip	미판정, 저장 필요, AI 후보, 검사 실패, 수정 필요 이미지만 봅니다.	Show only unreviewed, save-required, AI-candidate, inspection-failed, and needs-fix images.
WpfImageQueue.Filter.Unfinished	{0}장 보기	View {0} images
WpfImageQueue.Filter.All	전체	All
WpfImageQueue.Filter.Candidate	AI 후보 {0}	AI candidates {0}
WpfImageQueue.Filter.NeedsFix	수정 필요 {0}	Needs fix {0}
WpfImageQueue.Filter.Failed	실패 {0}	Failed {0}
WpfImageQueue.Filter.Confirmed	저장됨 {0}	Saved {0}
WpfImageQueue.Filter.Skipped	숨김 {0}	Hidden {0}
WpfImageQueue.Filter.NoCandidate	객체없음 {0}	No object {0}
WpfImageQueue.Filter.ToolTip	상태 필터	Filter by status
WpfImageQueue.FilterOption.All	전체	All
WpfImageQueue.FilterOption.Unfinished	확인 필요	Needs review
WpfImageQueue.FilterOption.NeedsFix	수정 필요	Needs fix
WpfImageQueue.FilterOption.Requested	검사중	Inspecting
WpfImageQueue.FilterOption.Candidate	AI 후보	AI candidates
WpfImageQueue.FilterOption.Confirmed	저장됨	Saved
WpfImageQueue.FilterOption.Skipped	숨김	Hidden
WpfImageQueue.FilterOption.NoCandidate	객체없음	No object
WpfImageQueue.FilterOption.Failed	실패	Failed
WpfImageQueue.Search.Name	이미지 큐 검색	Search image queue
WpfImageQueue.Search.ToolTip	파일명 검색	Search file names
WpfImageQueue.Action.Detect.Name	선택 검사	Inspect selected
WpfImageQueue.Action.Detect.ToolTip	선택 이미지 검사	Inspect the selected image
WpfImageQueue.Action.Batch.Name	AI 배치 사전점검	Preflight AI batch
WpfImageQueue.Action.Batch.ToolTip	표시 목록 AI 배치 사전점검	Preflight the visible image list for AI batch processing
WpfImageQueue.Action.Template.Name	전체 이미지 자동 저장	Auto-save all images
WpfImageQueue.Action.Template.ToolTip	전체 이미지를 템플릿으로 한 번씩 검사하고 라벨 없는 이미지에만 바로 저장	Inspect every image once with the template and save only images without labels
WpfImageQueue.Action.Template.Text	전체 자동 저장	Auto-save all
WpfImageQueue.Action.Retry.Name	실패 재시도 사전점검	Preflight failed-item retry
WpfImageQueue.Action.Retry.ToolTip	실패 항목 AI 배치 사전점검	Preflight an AI batch retry for failed items
WpfImageQueue.Action.Stop.Name	중지	Stop
WpfImageQueue.Action.Stop.ToolTip	일괄 검사 중지	Stop batch inspection
WpfImageQueue.Column.File	파일	File
WpfImageQueue.Column.Dimensions	크기	Size
WpfImageQueue.Anomaly.Card.Name	현재 이미지 OK/NG 판정	Decide OK/NG for current image
WpfImageQueue.Anomaly.Card.Title	이미지 전체를 판정하세요	Decide the whole image
WpfImageQueue.Anomaly.Card.Detail	결함 위치를 그리는 작업이 아닙니다. 한 번 누르면 저장하고 다음 미판정 이미지로 이동합니다.	This is not defect drawing. One click saves the decision and moves to the next unreviewed image.
WpfImageQueue.Anomaly.Normal.Name	정상 OK 확정 후 다음	Confirm normal OK and go next
WpfImageQueue.Anomaly.Normal.ToolTip	현재 이미지 전체를 정상(OK)으로 저장하고 다음 미판정 이미지 열기	Save the whole image as normal (OK) and open the next unreviewed image
WpfImageQueue.Anomaly.Normal.Text	정상(OK) → 다음	Normal (OK) → Next
WpfImageQueue.Anomaly.Abnormal.Name	이상 NG 확정 후 다음	Confirm abnormal NG and go next
WpfImageQueue.Anomaly.Abnormal.ToolTip	현재 이미지 전체를 이상(NG)으로 저장하고 다음 미판정 이미지 열기	Save the whole image as abnormal (NG) and open the next unreviewed image
WpfImageQueue.Anomaly.Abnormal.Text	이상(NG) → 다음	Abnormal (NG) → Next
WpfImageQueue.Anomaly.Clear.Name	미판정으로 되돌리기	Return to unreviewed
WpfImageQueue.Anomaly.Clear.ToolTip	현재 이미지의 저장된 OK 또는 NG 판정을 삭제하고 미판정으로 되돌리기	Delete the saved OK or NG decision and return the current image to unreviewed
WpfImageQueue.Anomaly.Clear.Text	미판정으로 되돌리기	Return to unreviewed
WpfImageQueue.Anomaly.Suggestion.Apply.Name	폴더명 기준 일괄 판정	Apply folder-name decisions
WpfImageQueue.Anomaly.Suggestion.Apply.ToolTip	아직 판정하지 않은 이미지만 OK/normal은 정상, NG/abnormal은 이상으로 일괄 판정합니다.	For unreviewed images only, mark OK/normal as normal and NG/abnormal as abnormal.
WpfImageQueue.Anomaly.Suggestion.Dismiss.Name	이미지별 확인	Review image by image
WpfImageQueue.Anomaly.Suggestion.Dismiss.ToolTip	폴더명은 사용하지 않고 이미지를 하나씩 정상 또는 이상으로 판정합니다.	Ignore folder names and decide each image as normal or abnormal.
WpfImageQueue.Anomaly.Suggestion.Dismiss.Text	이미지별 확인	Review individually
WpfImageQueue.Anomaly.Suggestion.DefaultTitle	폴더명으로 초기 판정을 제안합니다	Suggest initial decisions from folder names
WpfImageQueue.Anomaly.Suggestion.DefaultApply	일괄 판정	Apply decisions
WpfImageQueue.Anomaly.Suggestion.ApplyCount	{0}장 일괄 판정	Apply {0} images
WpfImageQueue.Anomaly.Suggestion.FoundTitle	OK/NG 폴더 구조를 발견했습니다	Found an OK/NG folder structure
WpfImageQueue.Anomaly.Suggestion.FoundText	OK/normal {0}장 → 정상 · NG/abnormal {1}장 → 이상. 총 {2}장 중 아직 판정하지 않은 이미지만 적용합니다.	OK/normal {0} → normal · NG/abnormal {1} → abnormal. Applies only to unreviewed images among {2} total.
WpfImageQueue.Decision.Standard	저장	Save
WpfImageQueue.Decision.Anomaly	판정	Decision
WpfImageQueue.Secondary.Standard	검사	Inspect
WpfImageQueue.Secondary.Anomaly	상태	Status
WpfImageQueue.Current.Waiting.Title	이미지 선택	Select an image
WpfImageQueue.Current.Waiting.StandardDetail	왼쪽 목록에서 이미지를 선택하면 저장/검사 상태를 보여줍니다.	Select an image from the left list to see save and inspection status.
WpfImageQueue.Current.Waiting.AnomalyDetail	목록에서 이미지를 선택한 뒤 이미지 전체를 정상(OK) 또는 이상(NG)으로 판정하세요.	Select an image from the list, then decide whether the whole image is normal (OK) or abnormal (NG).
WpfImageQueue.Current.Waiting.Badge	대기	Waiting
WpfImageQueue.Current.Waiting.ToolTip	이미지를 선택하면 현재 작업 상태가 표시됩니다.	Select an image to see its current task status.
WpfImageQueue.Current.Anomaly.Title	현재 이미지 OK/NG 판정	Decide OK/NG for current image
WpfImageQueue.Current.Anomaly.NormalDetail	이미지 전체를 정상(OK)으로 저장했습니다. 필요하면 NG로 다시 판정할 수 있습니다.	The whole image was saved as normal (OK). You can change it to NG if needed.
WpfImageQueue.Current.Anomaly.AbnormalDetail	이미지 전체를 이상(NG)으로 저장했습니다. 필요하면 OK로 다시 판정할 수 있습니다.	The whole image was saved as abnormal (NG). You can change it to OK if needed.
WpfImageQueue.Current.Anomaly.UnreviewedDetail	결함 위치를 그리지 않습니다. 이미지 전체가 정상인지 이상인지 판정하세요.	Do not draw defect locations. Decide whether the whole image is normal or abnormal.
WpfImageQueue.Current.Anomaly.UnreviewedBadge	미판정	Unreviewed
WpfImageQueue.Current.SaveRequired.Title	라벨 저장 필요	Save labels
WpfImageQueue.Current.SaveRequired.Badge	저장 필요	Save required
WpfImageQueue.Current.NeedsFix.Title	라벨 수정 필요	Labels need a fix
WpfImageQueue.Current.NeedsFix.Detail	저장 라벨을 확인하고 수정한 뒤 라벨 저장 후 검수 완료로 변경하세요.	Review and fix the saved labels, save them, then mark the image reviewed.
WpfImageQueue.Current.NeedsFix.Badge	수정 필요	Needs fix
WpfImageQueue.Current.QualityReviewed.Title	품질 검수 완료	Quality review complete
WpfImageQueue.Current.QualityReviewed.Detail	현재 저장 라벨이 검수 완료된 이미지입니다.	The saved labels for this image have passed quality review.
WpfImageQueue.Current.QualityReviewed.Badge	검수 완료	Reviewed
WpfImageQueue.Current.Requested.Title	검사 진행 중	Inspection in progress
WpfImageQueue.Current.Requested.Detail	검사 결과를 기다리는 이미지입니다.	Waiting for the inspection result.
WpfImageQueue.Current.Requested.Badge	검사중	Inspecting
WpfImageQueue.Current.Candidate.Title	AI 후보 검토	Review AI candidates
WpfImageQueue.Current.Candidate.Detail	후보를 확정하거나 숨기세요. 확정하면 저장 라벨에 자동 반영됩니다.	Confirm or hide the candidates. Confirmed candidates are applied to saved labels automatically.
WpfImageQueue.Current.Failed.Title	검사 실패	Inspection failed
WpfImageQueue.Current.Failed.Badge	실패	Failed
WpfImageQueue.Current.Saved.Title	라벨 저장 완료	Labels saved
WpfImageQueue.Current.Saved.Detail	다음 미완료로 이동하거나, 필요하면 다시 열어 수정할 수 있습니다.	Move to the next unfinished image, or reopen this image to edit it.
WpfImageQueue.Current.Saved.Badge	저장	Saved
WpfImageQueue.Current.NoCandidate.Title	객체 없음 완료	No-object complete
WpfImageQueue.Current.NoCandidate.Detail	객체 없음으로 저장됨. 다음 미완료로 이동하거나 다시 열어 수정하세요.	Saved as no object. Move to the next unfinished image or reopen it to edit.
WpfImageQueue.Current.NoCandidate.Badge	객체없음	No object
WpfImageQueue.Current.Skipped.Title	후보 숨김	Candidate hidden
WpfImageQueue.Current.Skipped.Detail	AI 후보를 숨긴 상태입니다. 필요하면 다시 검토하세요.	The AI candidates are hidden. Review them again if needed.
WpfImageQueue.Current.Skipped.Badge	숨김	Hidden
WpfImageQueue.Current.NeedsLabel.Title	라벨 작업 필요	Labeling needed
WpfImageQueue.Current.NeedsLabel.Detail	라벨을 만든 뒤 라벨 저장, 또는 객체 없음을 선택하세요.	Create labels, then save them or choose no object.
WpfImageQueue.Current.NeedsLabel.Badge	작업	Work
WpfImageQueue.Current.StatusPrefix	상태	Status
WpfImageQueue.Batch.Waiting	배치 대기	Batch waiting
WpfImageQueue.Folder.Empty	이미지 폴더를 선택하세요.	Select an image folder.
WpfImageQueue.Row.FilePrefix	파일	File
WpfImageQueue.Row.SavePrefix	저장	Save
WpfImageQueue.Row.InspectPrefix	검사	Inspect
WpfImageQueue.Row.SizePrefix	크기	Size
WpfImageQueue.Row.StatusPrefix	상태	Status
WpfImageQueue.Row.DetailPrefix	상세	Details
